0.00036335,-0.490289599,1.907474995,-2.16075635,-0.488163814,0.535360739,-0.545886915,0.420823534
0.017022371,-0.490289599,1.907474995,-2.16075635,-0.488163814,0.535360739,-0.545886915,0.420823534
0.033796549,-0.489958853,1.907595992,-2.159823418,-0.48819035,0.535300029,-0.546035244,0.420677517
0.050497293,-0.489958853,1.907595992,-2.159823418,-0.48819035,0.535300029,-0.546035244,0.420677517
0.067389965,-0.49012059,1.90744102,-2.159514904,-0.488122041,0.535435517,-0.545905908,0.420752207
0.084039211,-0.49012059,1.90744102,-2.159514904,-0.488122041,0.535435517,-0.545905908,0.420752207
0.10071826,-0.490136772,1.905991673,-2.159874916,-0.488365256,0.535580623,-0.54578898,0.42043687
0.117278099,-0.490136772,1.905991673,-2.159874916,-0.488365256,0.535580623,-0.54578898,0.42043687
0.13393569,-0.490118355,1.905565858,-2.159844398,-0.48888661,0.536156024,-0.54517357,0.419895677
0.150547743,-0.490118355,1.905565858,-2.159844398,-0.48888661,0.536156024,-0.54517357,0.419895677
0.166963816,-0.489831418,1.906875014,-2.159915686,-0.489333483,0.536987381,-0.544368619,0.419356771
0.183578968,-0.489831418,1.906875014,-2.159915686,-0.489333483,0.536987381,-0.544368619,0.419356771
0.200279951,-0.490080804,1.906605482,-2.159670591,-0.489950639,0.537532216,-0.543729664,0.41876669
0.216939926,-0.490080804,1.906605482,-2.159670591,-0.489950639,0.537532216,-0.543729664,0.41876669
0.233577728,-0.489781499,1.907530427,-2.159730673,-0.490398403,0.538310723,-0.542928695,0.418281489
0.250303507,-0.489781499,1.907530427,-2.159730673,-0.490398403,0.538310723,-0.542928695,0.418281489
0.267020702,-0.489411056,1.908782005,-2.15938139,-0.491105413,0.538865277,-0.542102483,0.417809268
0.283918142,-0.489411056,1.908782005,-2.15938139,-0.491105413,0.538865277,-0.542102483,0.417809268
0.300477743,-0.488955796,1.910315871,-2.159294605,-0.492028704,0.540067325,-0.540988337,0.416613319
0.317075253,-0.488955796,1.910315871,-2.159294605,-0.492028704,0.540067325,-0.540988337,0.416613319
0.33361578,-0.488554627,1.913442612,-2.159341812,-0.492893307,0.541470271,-0.539516627,0.415677692
0.350239754,-0.488554627,1.913442612,-2.159341812,-0.492893307,0.541470271,-0.539516627,0.415677692
0.366943836,-0.487462461,1.917207956,-2.158883095,-0.494226407,0.542681825,-0.538322285,0.414060157
0.383625031,-0.487462461,1.917207956,-2.158883095,-0.494226407,0.542681825,-0.538322285,0.414060157
0.400342703,-0.486144751,1.922642708,-2.159095049,-0.494794262,0.544012878,-0.53738517,0.412850828
0.417115211,-0.486144751,1.922642708,-2.159095049,-0.494794262,0.544012878,-0.53738517,0.412850828
0.433716297,-0.485502958,1.928673148,-2.158769846,-0.496431542,0.54490828,-0.535939257,0.411582073
0.450354576,-0.485502958,1.928673148,-2.158769846,-0.496431542,0.54490828,-0.535939257,0.411582073
0.467074394,-0.484956056,1.93721652,-2.158012152,-0.49668483,0.545219881,-0.53560996,0.411292392
0.483748436,-0.484956056,1.93721652,-2.158012152,-0.49668483,0.545219881,-0.53560996,0.411292392
0.500573397,-0.483796328,1.946473122,-2.157534838,-0.496489119,0.544878084,-0.536038137,0.411423801
0.516987801,-0.483796328,1.946473122,-2.157534838,-0.496489119,0.544878084,-0.536038137,0.411423801
0.533872128,-0.481887579,1.957573771,-2.157512903,-0.496438868,0.544933142,-0.536241371,0.411146583
0.550521851,-0.481887579,1.957573771,-2.157512903,-0.496438868,0.544933142,-0.536241371,0.411146583
0.567147732,-0.479250193,1.970143318,-2.156917572,-0.496852843,0.546258653,-0.535389997,0.409995473
0.583799601,-0.479250193,1.970143318,-2.156917572,-0.496852843,0.546258653,-0.535389997,0.409995473
0.600505114,-0.476609915,1.983318567,-2.156673908,-0.497911973,0.547301736,-0.534187,0.40888718
0.617145061,-0.476609915,1.983318567,-2.156673908,-0.497911973,0.547301736,-0.534187,0.40888718
0.633726597,-0.475976348,1.997465611,-2.157583237,-0.499553004,0.54815592,-0.532488411,0.40795585
0.650507927,-0.475976348,1.997465611,-2.157583237,-0.499553004,0.54815592,-0.532488411,0.40795585
0.667081356,-0.47360462,2.012375593,-2.157458067,-0.502800585,0.549861695,-0.529797467,0.405164574
0.683861256,-0.47360462,2.012375593,-2.157458067,-0.502800585,0.549861695,-0.529797467,0.405164574
0.700417042,-0.470436603,2.027763605,-2.155493498,-0.502783273,0.551315551,-0.529239221,0.403938102
0.717155695,-0.470436603,2.027763605,-2.155493498,-0.502783273,0.551315551,-0.529239221,0.403938102
0.733779192,-0.467301577,2.043477535,-2.15460825,-0.503213903,0.551529269,-0.52894103,0.403500459
0.750477314,-0.467301577,2.043477535,-2.15460825,-0.503213903,0.551529269,-0.52894103,0.403500459
0.767101765,-0.464483261,2.059216499,-2.15344739,-0.504384811,0.552415861,-0.527547094,0.402649651
0.783894539,-0.464483261,2.059216499,-2.15344739,-0.504384811,0.552415861,-0.527547094,0.402649651
0.800549269,-0.461784154,2.075864077,-2.152901173,-0.504950326,0.553345032,-0.52682968,0.401602954
0.817126989,-0.461784154,2.075864077,-2.152901173,-0.504950326,0.553345032,-0.52682968,0.401602954
0.833963156,-0.458989739,2.092405081,-2.154299259,-0.50542415,0.553872026,-0.526450949,0.400776255
0.850828648,-0.458989739,2.092405081,-2.154299259,-0.50542415,0.553872026,-0.526450949,0.400776255
0.867107868,-0.457594812,2.107936859,-2.152415514,-0.506094539,0.553716101,-0.525813224,0.400982856
0.883903027,-0.457594812,2.107936859,-2.152415514,-0.506094539,0.553716101,-0.525813224,0.400982856
0.900374889,-0.455330193,2.123120546,-2.151069164,-0.507392326,0.555180729,-0.523971744,0.399726153
0.91722703,-0.455330193,2.123120546,-2.151069164,-0.507392326,0.555180729,-0.523971744,0.399726153
0.93370223,-0.452745646,2.138418436,-2.150211573,-0.508451771,0.556373539,-0.522548655,0.39858272
0.950326443,-0.452745646,2.138418436,-2.150211573,-0.508451771,0.556373539,-0.522548655,0.39858272
0.966981173,-0.450802058,2.152547598,-2.149843931,-0.509461605,0.560267579,-0.519588393,0.395698136
0.983639479,-0.450802058,2.152547598,-2.149843931,-0.509461605,0.560267579,-0.519588393,0.395698136
1.000368357,-0.448432326,2.166043043,-2.14872551,-0.512579775,0.563010217,-0.515818386,0.392699455
1.016995907,-0.448432326,2.166043043,-2.14872551,-0.512579775,0.563010217,-0.515818386,0.392699455
1.033759594,-0.445634454,2.180381775,-2.148052216,-0.514233762,0.565040286,-0.513339764,0.390864938
1.050394058,-0.445634454,2.180381775,-2.148052216,-0.514233762,0.565040286,-0.513339764,0.390864938
1.067069769,-0.444250703,2.193005562,-2.147549868,-0.516193799,0.567152562,-0.510586747,0.38882272
1.08369875,-0.444250703,2.193005562,-2.147549868,-0.516193799,0.567152562,-0.510586747,0.38882272
1.100372791,-0.442340612,2.20516777,-2.147160053,-0.517964956,0.569590759,-0.508027838,0.386246538
1.117120743,-0.442340612,2.20516777,-2.147160053,-0.517964956,0.569590759,-0.508027838,0.386246538
1.133850336,-0.44045192,2.217094421,-2.147125244,-0.519294485,0.571297212,-0.505880489,0.384756629
1.150376081,-0.44045192,2.217094421,-2.147125244,-0.519294485,0.571297212,-0.505880489,0.384756629
1.167032003,-0.438830942,2.228280544,-2.147238493,-0.520253683,0.572567841,-0.504620741,0.383223277
1.183681965,-0.438830942,2.228280544,-2.147238493,-0.520253683,0.572567841,-0.504620741,0.383223277
1.200388908,-0.437039107,2.238886595,-2.14635253,-0.520654437,0.57289045,-0.503898716,0.383146934
1.217040777,-0.437039107,2.238886595,-2.14635253,-0.520654437,0.57289045,-0.503898716,0.383146934
1.233786345,-0.434610039,2.251382589,-2.155119658,-0.520301651,0.574330825,-0.50268026,0.383070297
1.250422239,-0.434610039,2.251382589,-2.155119658,-0.520301651,0.574330825,-0.50268026,0.383070297
1.267124891,-0.433184117,2.260184526,-2.158900976,-0.52077359,0.57552519,-0.501427501,0.382277497
1.28376627,-0.433184117,2.260184526,-2.158900976,-0.52077359,0.57552519,-0.501427501,0.382277497
1.300453424,-0.430116892,2.262256384,-2.152421236,-0.521578858,0.576026722,-0.500701052,0.381375362
1.317134142,-0.430116892,2.262256384,-2.152421236,-0.521578858,0.576026722,-0.500701052,0.381375362
1.333902597,-0.428393304,2.265197515,-2.150612593,-0.52192455,0.576138357,-0.500377994,0.381157737
1.350661039,-0.428393304,2.265197515,-2.150612593,-0.52192455,0.576138357,-0.500377994,0.381157737
1.367274761,-0.42778191,2.269040108,-2.156083107,-0.522079101,0.576991093,-0.499763428,0.380461835
1.38401866,-0.42778191,2.269040108,-2.156083107,-0.522079101,0.576991093,-0.499763428,0.380461835
1.400639534,-0.426327139,2.26940155,-2.156456232,-0.522839683,0.578496345,-0.498082837,0.3793338
1.417084217,-0.426327139,2.26940155,-2.156456232,-0.522839683,0.578496345,-0.498082837,0.3793338
1.43363142,-0.425850838,2.267799377,-2.153981447,-0.525329595,0.580997348,-0.494583554,0.376640421
1.450229645,-0.425850838,2.267799377,-2.153981447,-0.525329595,0.580997348,-0.494583554,0.376640421
1.466893673,-0.425515324,2.268076658,-2.158330679,-0.525349132,0.582517139,-0.493257702,0.376003872
1.48355794,-0.425515324,2.268076658,-2.158330679,-0.525349132,0.582517139,-0.493257702,0.376003872
1.500367165,-0.424851149,2.267952442,-2.157112598,-0.524648669,0.582091108,-0.493912653,0.376781113
1.517008305,-0.424851149,2.267952442,-2.157112598,-0.524648669,0.582091108,-0.493912653,0.376781113
1.53367281,-0.425183088,2.268276453,-2.156961441,-0.524293449,0.581634017,-0.49431842,0.377448738
1.550286293,-0.425183088,2.268276453,-2.156961441,-0.524293449,0.581634017,-0.49431842,0.377448738
1.567017317,-0.425172031,2.268499851,-2.156914234,-0.524354709,0.581623795,-0.494249366,0.377469818
1.583608627,-0.425172031,2.268499851,-2.156914234,-0.524354709,0.581623795,-0.494249366,0.377469818
1.600286007,-0.424874991,2.268710136,-2.159290075,-0.524595328,0.582501387,-0.493236922,0.377106371
1.616900921,-0.424874991,2.268710136,-2.159290075,-0.524595328,0.582501387,-0.493236922,0.377106371
1.633628607,-0.424238116,2.266874552,-2.15713644,-0.525344948,0.583270481,-0.492231499,0.376186634
1.650300264,-0.424238116,2.266874552,-2.15713644,-0.525344948,0.583270481,-0.492231499,0.376186634
1.666907072,-0.424270123,2.267606735,-2.158178329,-0.526124312,0.583910285,-0.490962841,0.375762527
1.683650494,-0.424270123,2.267606735,-2.158178329,-0.526124312,0.583910285,-0.490962841,0.375762527
1.700750828,-0.423910439,2.266779184,-2.158162355,-0.526904137,0.585136737,-0.489638133,0.374488355
1.717453003,-0.423910439,2.266779184,-2.158162355,-0.526904137,0.585136737,-0.489638133,0.374488355
1.733811855,-0.423103213,2.266522646,-2.159787893,-0.527789234,0.586960548,-0.487050589,0.373761371
1.750278473,-0.423103213,2.266522646,-2.159787893,-0.527789234,0.586960548,-0.487050589,0.373761371
1.766909599,-0.423095971,2.266415119,-2.160912037,-0.530064851,0.589476468,-0.483416357,0.371291493
1.78369236,-0.423095971,2.266415119,-2.160912037,-0.530064851,0.589476468,-0.483416357,0.371291493
1.800362587,-0.42331925,2.265599012,-2.161323309,-0.531047256,0.591837408,-0.480666788,0.369698164
1.817214966,-0.42331925,2.265599012,-2.161323309,-0.531047256,0.591837408,-0.480666788,0.369698164
1.833830357,-0.422105044,2.263893127,-2.160618305,-0.53265114,0.593996992,-0.477627552,0.367861737
1.85063982,-0.422105044,2.263893127,-2.160618305,-0.53265114,0.593996992,-0.477627552,0.367861737
1.867143631,-0.420736521,2.261066437,-2.159821749,-0.53476811,0.596753966,-0.473788803,0.365283373
1.883858919,-0.420736521,2.261066437,-2.159821749,-0.53476811,0.596753966,-0.473788803,0.365283373
1.900562525,-0.419556856,2.257866383,-2.159303665,-0.538745993,0.599384658,-0.468865727,0.361463299
1.917262316,-0.419556856,2.257866383,-2.159303665,-0.538745993,0.599384658,-0.468865727,0.361463299
1.934036493,-0.417521745,2.253938675,-2.159451246,-0.544095129,0.602942758,-0.461261574,0.357292991
1.950621367,-0.417521745,2.253938675,-2.159451246,-0.544095129,0.602942758,-0.461261574,0.357292991
1.967156887,-0.413958699,2.248157978,-2.160185337,-0.550875252,0.609789047,-0.449195756,0.350595134
1.983884573,-0.413958699,2.248157978,-2.160185337,-0.550875252,0.609789047,-0.449195756,0.350595134
2.000485897,-0.408732355,2.242123842,-2.160292864,-0.560973802,0.61657378,-0.43521016,0.340201828
2.017184734,-0.408732355,2.242123842,-2.160292864,-0.560973802,0.61657378,-0.43521016,0.340201828
2.033916235,-0.400777787,2.234457731,-2.159062862,-0.569819945,0.624732546,-0.418479996,0.331495051
2.050512314,-0.400777787,2.234457731,-2.159062862,-0.569819945,0.624732546,-0.418479996,0.331495051
2.067354918,-0.393617094,2.228053093,-2.158259153,-0.577260518,0.633701166,-0.401294319,0.322732081
2.083897352,-0.393617094,2.228053093,-2.158259153,-0.577260518,0.633701166,-0.401294319,0.322732081
2.100641251,-0.385988772,2.221148491,-2.15600872,-0.583785492,0.643144065,-0.386365542,0.310293215
2.117208481,-0.385988772,2.221148491,-2.15600872,-0.583785492,0.643144065,-0.386365542,0.310293215
2.1338377,-0.376897901,2.21301198,-2.152300358,-0.586188146,0.654376048,-0.373124344,0.298251017
2.150592089,-0.376897901,2.21301198,-2.152300358,-0.586188146,0.654376048,-0.373124344,0.298251017
2.167330503,-0.368094295,2.204213142,-2.149474859,-0.589600731,0.664188819,-0.358288994,0.287842297
2.183917284,-0.368094295,2.204213142,-2.149474859,-0.589600731,0.664188819,-0.358288994,0.287842297
2.200627804,-0.357794702,2.196125031,-2.146191359,-0.594434542,0.672718983,-0.344911974,0.274103038
2.217206001,-0.357794702,2.196125031,-2.146191359,-0.594434542,0.672718983,-0.344911974,0.274103038
2.233901739,-0.347035229,2.187490702,-2.142070293,-0.601724121,0.678788269,-0.329679691,0.26169805
2.250538349,-0.347035229,2.187490702,-2.142070293,-0.601724121,0.678788269,-0.329679691,0.26169805
2.267301083,-0.334630579,2.178734779,-2.137124062,-0.606228176,0.688356997,-0.313858185,0.245244944
2.283885717,-0.334630579,2.178734779,-2.137124062,-0.606228176,0.688356997,-0.313858185,0.245244944
2.300633669,-0.32235238,2.170708179,-2.131588459,-0.613186079,0.695552351,-0.29479059,0.230885833
2.317373276,-0.32235238,2.170708179,-2.131588459,-0.613186079,0.695552351,-0.29479059,0.230885833
2.333973646,-0.308778524,2.162056684,-2.125223875,-0.61684242,0.705905407,-0.275847402,0.212393963
2.3507092,-0.308778524,2.162056684,-2.125223875,-0.61684242,0.705905407,-0.275847402,0.212393963
2.367175579,-0.293480694,2.153824091,-2.118268728,-0.61927155,0.717357716,-0.254683209,0.192450298
2.383858442,-0.293480694,2.153824091,-2.118268728,-0.61927155,0.717357716,-0.254683209,0.192450298
2.400545835,-0.278705269,2.147089481,-2.110701799,-0.620775773,0.727571581,-0.23453721,0.173980836
2.41723299,-0.278705269,2.147089481,-2.110701799,-0.620775773,0.727571581,-0.23453721,0.173980836
2.433831215,-0.263218254,2.139579773,-2.102667809,-0.622340451,0.736649897,-0.215605172,0.153472155
2.450560808,-0.263218254,2.139579773,-2.102667809,-0.622340451,0.736649897,-0.215605172,0.153472155
2.467303991,-0.248028919,2.134104967,-2.094801426,-0.624872232,0.743014365,-0.196153767,0.137797125
2.483999729,-0.248028919,2.134104967,-2.094801426,-0.624872232,0.743014365,-0.196153767,0.137797125
2.50052309,-0.233859628,2.129099131,-2.083869696,-0.625458915,0.74985833,-0.177882256,0.121948897
2.517178774,-0.233859628,2.129099131,-2.083869696,-0.625458915,0.74985833,-0.177882256,0.121948897
2.533809662,-0.217057005,2.123229265,-2.075242758,-0.626771187,0.754865481,-0.159792133,0.108639124
2.550582409,-0.217057005,2.123229265,-2.075242758,-0.626771187,0.754865481,-0.159792133,0.108639124
2.567177534,-0.201912999,2.120690346,-2.066430807,-0.626748249,0.760342333,-0.144090021,0.091127574
2.583881378,-0.201912999,2.120690346,-2.066430807,-0.626748249,0.760342333,-0.144090021,0.091127574
2.600633144,-0.185561687,2.117072344,-2.057888508,-0.626951465,0.765294321,-0.127047751,0.071521548
2.617230415,-0.185561687,2.117072344,-2.057888508,-0.626951465,0.765294321,-0.127047751,0.071521548
2.63387537,-0.169850633,2.115504503,-2.049508095,-0.626836961,0.769639547,-0.109725622,0.051871769
2.650568485,-0.169850633,2.115504503,-2.049508095,-0.626836961,0.769639547,-0.109725622,0.051871769
2.667196751,-0.153585553,2.115000248,-2.042787075,-0.625005519,0.774594377,-0.092615583,0.02817812
2.683987379,-0.153585553,2.115000248,-2.042787075,-0.625005519,0.774594377,-0.092615583,0.02817812
2.700562477,-0.137732446,2.114602566,-2.035522699,-0.623155827,0.778384341,-0.075936118,0.00532342
2.717187166,-0.137732446,2.114602566,-2.035522699,-0.623155827,0.778384341,-0.075936118,0.00532342
2.733860254,-0.12163303,2.114871025,-2.029273987,-0.620992533,0.781251257,-0.060998319,-0.017145078
2.750566244,-0.12163303,2.114871025,-2.029273987,-0.620992533,0.781251257,-0.060998319,-0.017145078
2.767196417,-0.106913291,2.116529703,-2.024204254,-0.620663532,0.781731875,-0.048045356,-0.036928301
2.783914804,-0.106913291,2.116529703,-2.024204254,-0.620663532,0.781731875,-0.048045356,-0.036928301
2.80051446,-0.092998102,2.116901159,-2.018193007,-0.620066403,0.781712691,-0.03395521,-0.057358246
2.817262888,-0.092998102,2.116901159,-2.018193007,-0.620066403,0.781712691,-0.03395521,-0.057358246
2.83377552,-0.078183629,2.119039774,-2.013052225,-0.618213735,0.782012662,-0.021562283,-0.076177696
2.85046792,-0.078183629,2.119039774,-2.013052225,-0.618213735,0.782012662,-0.021562283,-0.076177696
2.867070913,-0.064128511,2.124028921,-2.0089674,-0.615883696,0.782045564,-0.009109699,-0.094915871
2.883901596,-0.064128511,2.124028921,-2.0089674,-0.615883696,0.782045564,-0.009109699,-0.094915871
2.900488853,-0.051039305,2.126062393,-2.006569862,-0.615589903,0.780190474,0.000777339,-0.111136365
2.917156458,-0.051039305,2.126062393,-2.006569862,-0.615589903,0.780190474,0.000777339,-0.111136365
2.933832169,-0.03887951,2.12806201,-2.004714012,-0.617286529,0.776674467,0.009375231,-0.125084847
2.950526476,-0.03887951,2.12806201,-2.004714012,-0.617286529,0.776674467,0.009375231,-0.125084847
2.967134237,-0.02700018,2.129933119,-2.001684666,-0.615471466,0.775033591,0.019171335,-0.141951634
2.983834267,-0.02700018,2.129933119,-2.001684666,-0.615471466,0.775033591,0.019171335,-0.141951634
3.000327826,-0.015779804,2.13359189,-1.99888587,-0.611587757,0.775069332,0.02600652,-0.156689524
3.016967535,-0.015779804,2.13359189,-1.99888587,-0.611587757,0.775069332,0.02600652,-0.156689524
3.033685684,-0.006456818,2.136178732,-1.99593842,-0.609283475,0.77434883,0.031195374,-0.167882056
3.050316095,-0.006456818,2.136178732,-1.99593842,-0.609283475,0.77434883,0.031195374,-0.167882056
3.067030191,0.003183367,2.137823105,-1.992804527,-0.607262339,0.774063176,0.035702245,-0.175453702
3.083696365,0.003183367,2.137823105,-1.992804527,-0.607262339,0.774063176,0.035702245,-0.175453702
3.100407124,0.011555175,2.139622211,-1.992332339,-0.60268148,0.775691428,0.039959311,-0.182978402
3.117022991,0.011555175,2.139622211,-1.992332339,-0.60268148,0.775691428,0.039959311,-0.182978402
3.133757114,0.019167991,2.141200304,-1.989708424,-0.599814386,0.776139063,0.04397012,-0.189466322
3.150345802,0.019167991,2.141200304,-1.989708424,-0.599814386,0.776139063,0.04397012,-0.189466322
3.167109013,0.025515446,2.14356184,-1.988079548,-0.598914384,0.775104407,0.048667056,-0.195310616
3.183720589,0.025515446,2.14356184,-1.988079548,-0.598914384,0.775104407,0.048667056,-0.195310616
3.200463057,0.030413484,2.145246744,-1.987641454,-0.598303732,0.774385222,0.05134565,-0.199308297
3.217057943,0.030413484,2.145246744,-1.987641454,-0.598303732,0.774385222,0.05134565,-0.199308297
3.233748198,0.03417322,2.146075487,-1.98534441,-0.598400862,0.773387533,0.055189524,-0.201847091
3.250354052,0.03417322,2.146075487,-1.98534441,-0.598400862,0.773387533,0.055189524,-0.201847091
3.266983509,0.037458077,2.147690296,-1.985134721,-0.59827058,0.772434334,0.057840993,-0.205114438
3.28413415,0.037458077,2.147690296,-1.985134721,-0.59827058,0.772434334,0.057840993,-0.205114438
3.300768852,0.039751213,2.149058104,-1.984992027,-0.59789265,0.771315109,0.059421287,-0.209920205
3.317339182,0.039751213,2.149058104,-1.984992027,-0.59789265,0.771315109,0.059421287,-0.209920205
3.334083557,0.04160355,2.150040627,-1.985367298,-0.598359107,0.770108928,0.061333701,-0.21245422
3.350749016,0.04160355,2.150040627,-1.985367298,-0.598359107,0.770108928,0.061333701,-0.21245422
3.367208958,0.042667877,2.150109291,-1.984921932,-0.598791909,0.769270696,0.061972567,-0.214080001
3.383880377,0.042667877,2.150109291,-1.984921932,-0.598791909,0.769270696,0.061972567,-0.214080001
3.400611877,0.04332507,2.150582075,-1.985157967,-0.597768611,0.769279585,0.061241693,-0.2170969
3.417184591,0.04332507,2.150582075,-1.985157967,-0.597768611,0.769279585,0.061241693,-0.2170969
3.433822632,0.04393841,2.150986433,-1.985761762,-0.597339045,0.769041612,0.059836161,-0.219501023
3.450614214,0.04393841,2.150986433,-1.985761762,-0.597339045,0.769041612,0.059836161,-0.219501023
3.467139244,0.043469649,2.150914431,-1.985701084,-0.597139249,0.768636313,0.058743081,-0.221748022
3.483887434,0.043469649,2.150914431,-1.985701084,-0.597139249,0.768636313,0.058743081,-0.221748022
3.500431776,0.043946985,2.151409864,-1.986148357,-0.595708917,0.768745842,0.057486393,-0.225512818
3.517144203,0.043946985,2.151409864,-1.986148357,-0.595708917,0.768745842,0.057486393,-0.225512818
3.533881664,0.044569027,2.151278019,-1.986734033,-0.595845642,0.767974046,0.056281266,-0.228070722
3.550579786,0.044569027,2.151278019,-1.986734033,-0.595845642,0.767974046,0.056281266,-0.228070722
3.567307472,0.045184348,2.151459694,-1.987222314,-0.596060235,0.767014012,0.055073321,-0.231016517
3.583879709,0.045184348,2.151459694,-1.987222314,-0.596060235,0.767014012,0.055073321,-0.231016517
3.600553751,0.045976177,2.151628017,-1.98763752,-0.595375245,0.766438985,0.053653946,-0.234991179
3.617184877,0.045976177,2.151628017,-1.98763752,-0.595375245,0.766438985,0.053653946,-0.234991179
3.633785009,0.045702435,2.150293589,-1.987207532,-0.594896582,0.765320436,0.051777911,-0.240211853
3.650561571,0.045702435,2.150293589,-1.987207532,-0.594896582,0.765320436,0.051777911,-0.240211853
3.667125463,0.046553537,2.150577307,-1.988297582,-0.593817858,0.764470126,0.048988012,-0.246101507
3.683855772,0.046553537,2.150577307,-1.988297582,-0.593817858,0.764470126,0.048988012,-0.246101507
3.700459957,0.047031071,2.150362968,-1.988748074,-0.592887169,0.763370115,0.046563479,-0.25215613
3.717167854,0.047031071,2.150362968,-1.988748074,-0.592887169,0.763370115,0.046563479,-0.25215613
3.733813047,0.048198693,2.150316477,-1.989093304,-0.591838368,0.762025015,0.043844298,-0.259080876
3.750813484,0.048198693,2.150316477,-1.989093304,-0.591838368,0.762025015,0.043844298,-0.259080876
3.767422915,0.049248409,2.150431871,-1.988936186,-0.589560845,0.761186126,0.041573236,-0.26699318
3.784086943,0.049248409,2.150431871,-1.988936186,-0.589560845,0.761186126,0.041573236,-0.26699318
3.800510406,0.049925193,2.150470734,-1.988865495,-0.587934212,0.759891933,0.038867728,-0.274566772
3.816921234,0.049925193,2.150470734,-1.988865495,-0.587934212,0.759891933,0.038867728,-0.274566772
3.833902597,0.051627886,2.150285721,-1.988379717,-0.586728079,0.758858458,0.036653254,-0.280250853
3.850654602,0.051627886,2.150285721,-1.988379717,-0.586728079,0.758858458,0.036653254,-0.280250853
3.866963625,0.052444071,2.150466442,-1.987791061,-0.58472902,0.758133819,0.034038311,-0.28664696
3.883612394,0.052444071,2.150466442,-1.987791061,-0.58472902,0.758133819,0.034038311,-0.28664696
3.900284052,0.053210586,2.150695324,-1.987150669,-0.581358405,0.757824775,0.031173544,-0.294537308
3.917226553,0.053210586,2.150695324,-1.987150669,-0.581358405,0.757824775,0.031173544,-0.294537308
3.93375206,0.054127969,2.151001215,-1.986210585,-0.578917706,0.756982941,0.028580356,-0.30168573
3.950717211,0.054127969,2.151001215,-1.986210585,-0.578917706,0.756982941,0.028580356,-0.30168573
3.967146397,0.054858319,2.151207447,-1.985424161,-0.577287774,0.755283904,0.026278112,-0.309183622
3.983828783,0.054858319,2.151207447,-1.985424161,-0.577287774,0.755283904,0.026278112,-0.309183622
4.000475407,0.055752791,2.151571274,-1.984357834,-0.576607598,0.752704018,0.024555791,-0.316792287
4.017271996,0.055752791,2.151571274,-1.984357834,-0.576607598,0.752704018,0.024555791,-0.316792287
4.033722878,0.056158125,2.151717424,-1.983366013,-0.575854443,0.749678976,0.021806797,-0.325419049
4.050406456,0.056158125,2.151717424,-1.983366013,-0.575854443,0.749678976,0.021806797,-0.325419049
4.067089796,0.05646044,2.151728392,-1.982211947,-0.573303179,0.746877294,0.018963786,-0.336360146
4.083855391,0.05646044,2.151728392,-1.982211947,-0.573303179,0.746877294,0.018963786,-0.336360146
4.100429058,0.056770176,2.151911974,-1.980703473,-0.569786066,0.744889694,0.014720742,-0.346794581
4.117138386,0.056770176,2.151911974,-1.980703473,-0.569786066,0.744889694,0.014720742,-0.346794581
4.133765697,0.057275418,2.151723146,-1.979207158,-0.565985785,0.742709914,0.009871611,-0.357693481
4.150393009,0.057275418,2.151723146,-1.979207158,-0.565985785,0.742709914,0.009871611,-0.357693481
4.167093992,0.057069439,2.151152134,-1.977450848,-0.560769853,0.742042041,0.004514663,-0.367274284
4.183812857,0.057069439,2.151152134,-1.977450848,-0.560769853,0.742042041,0.004514663,-0.367274284
4.200497389,0.057492152,2.150854349,-1.97578311,-0.556539737,0.740568919,-0.001688504,-0.376587766
4.217048168,0.057492152,2.150854349,-1.97578311,-0.556539737,0.740568919,-0.001688504,-0.376587766
4.233768463,0.057794977,2.150871992,-1.973899841,-0.550971567,0.739951092,-0.007472884,-0.385806778
4.250483036,0.057794977,2.150871992,-1.973899841,-0.550971567,0.739951092,-0.007472884,-0.385806778
4.267132759,0.057984076,2.151154995,-1.972692847,-0.546784539,0.737503028,-0.013312454,-0.396154933
4.283714533,0.057984076,2.151154995,-1.972692847,-0.546784539,0.737503028,-0.013312454,-0.396154933
4.300390244,0.057761252,2.151631832,-1.971604109,-0.542866921,0.734072291,-0.018690779,-0.407534087
4.317070246,0.057761252,2.151631832,-1.971604109,-0.542866921,0.734072291,-0.018690779,-0.407534087
4.333790541,0.058176756,2.152793884,-1.970405698,-0.539656266,0.729958744,-0.023863507,-0.418762318
4.350465059,0.058176756,2.152793884,-1.970405698,-0.539656266,0.729958744,-0.023863507,-0.418762318
4.367091179,0.058099613,2.154137373,-1.969471455,-0.536833499,0.725167453,-0.027489015,-0.430332795
4.383756399,0.058099613,2.154137373,-1.969471455,-0.536833499,0.725167453,-0.027489015,-0.430332795
4.400397539,0.058921862,2.155083179,-1.968503594,-0.532902579,0.721645348,-0.032027269,-0.440700677
4.417074442,0.058921862,2.155083179,-1.968503594,-0.532902579,0.721645348,-0.032027269,-0.440700677
4.433675528,0.059510365,2.156255007,-1.967255116,-0.528427842,0.718119665,-0.036311784,-0.451386328
4.45031023,0.059510365,2.156255007,-1.967255116,-0.528427842,0.718119665,-0.036311784,-0.451386328
4.466961861,0.060760144,2.157462358,-1.965605497,-0.523156207,0.716178815,-0.040622378,-0.460157919
4.483685255,0.060760144,2.157462358,-1.965605497,-0.523156207,0.716178815,-0.040622378,-0.460157919
4.500418186,0.061268203,2.158112764,-1.964769363,-0.517730777,0.714593476,-0.045137744,-0.46826658
4.517087221,0.061268203,2.158112764,-1.964769363,-0.517730777,0.714593476,-0.045137744,-0.46826658
4.533656597,0.061831817,2.159746647,-1.963958621,-0.51224401,0.711658092,-0.049513434,-0.478223018
4.550447464,0.061831817,2.159746647,-1.963958621,-0.51224401,0.711658092,-0.049513434,-0.478223018
4.567070723,0.062712945,2.160335541,-1.96272099,-0.50745295,0.707537303,-0.053963903,-0.488845952
4.58371973,0.062712945,2.160335541,-1.96272099,-0.50745295,0.707537303,-0.053963903,-0.488845952
4.600441933,0.063619561,2.160394669,-1.961507916,-0.502159656,0.704278127,-0.059045868,-0.498338825
4.617006063,0.063619561,2.160394669,-1.961507916,-0.502159656,0.704278127,-0.059045868,-0.498338825
4.633773565,0.064683899,2.160838366,-1.960559249,-0.495166053,0.702472215,-0.064456456,-0.507137785
4.6504035,0.064683899,2.160838366,-1.960559249,-0.495166053,0.702472215,-0.064456456,-0.507137785
4.667154789,0.065525979,2.16122508,-1.958953261,-0.487809729,0.700061689,-0.070284362,-0.516735337
4.683802843,0.065525979,2.16122508,-1.958953261,-0.487809729,0.700061689,-0.070284362,-0.516735337
4.700493574,0.066485889,2.161007404,-1.957339644,-0.482025184,0.697215578,-0.07616779,-0.52511011
4.71715188,0.066485889,2.161007404,-1.957339644,-0.482025184,0.697215578,-0.07616779,-0.52511011
4.733904839,0.067659609,2.160933018,-1.95528245,-0.475373026,0.695762922,-0.081798923,-0.532206143
4.750625134,0.067659609,2.160933018,-1.95528245,-0.475373026,0.695762922,-0.081798923,-0.532206143
4.767111063,0.069102906,2.160971403,-1.953286886,-0.469589801,0.69403341,-0.087118442,-0.538714602
4.784043789,0.069102906,2.160971403,-1.953286886,-0.469589801,0.69403341,-0.087118442,-0.538714602
4.800617933,0.070375122,2.160917282,-1.951021791,-0.464327227,0.691614357,-0.092195191,-0.545499637
4.81717658,0.070375122,2.160917282,-1.951021791,-0.464327227,0.691614357,-0.092195191,-0.545499637
4.833802938,0.071500257,2.160137892,-1.949047685,-0.459440184,0.689587163,-0.097516448,-0.551248405
4.850534439,0.071500257,2.160137892,-1.949047685,-0.459440184,0.689587163,-0.097516448,-0.551248405
4.867092371,0.071379498,2.159876108,-1.948297381,-0.454567604,0.687652535,-0.101966815,-0.556870769
4.883829832,0.071379498,2.159876108,-1.948297381,-0.454567604,0.687652535,-0.101966815,-0.556870769
4.900485516,0.071197271,2.160346985,-1.947090745,-0.4494331,0.684505938,-0.106862853,-0.563951983
4.917191744,0.071197271,2.160346985,-1.947090745,-0.4494331,0.684505938,-0.106862853,-0.563951983
4.933794975,0.072090544,2.16033411,-1.945490837,-0.444851793,0.680982442,-0.111995321,-0.570812442
4.950559139,0.072090544,2.16033411,-1.945490837,-0.444851793,0.680982442,-0.111995321,-0.570812442
4.967168808,0.073014788,2.160070181,-1.943995833,-0.439725265,0.678292314,-0.116635943,-0.57702451
4.983905315,0.073014788,2.160070181,-1.943995833,-0.439725265,0.678292314,-0.116635943,-0.57702451
5.000373602,0.07323499,2.160690069,-1.94286263,-0.433970759,0.675909831,-0.121857946,-0.583065967
5.017126322,0.07323499,2.160690069,-1.94286263,-0.433970759,0.675909831,-0.121857946,-0.583065967
5.033859253,0.073843807,2.160581589,-1.941800117,-0.427784374,0.672438882,-0.126166323,-0.590684804
5.050554276,0.073843807,2.160581589,-1.941800117,-0.427784374,0.672438882,-0.126166323,-0.590684804
5.06712079,0.074321583,2.160714149,-1.940768242,-0.423282852,0.669680071,-0.130963876,-0.595993871
5.083850861,0.074321583,2.160714149,-1.940768242,-0.423282852,0.669680071,-0.130963876,-0.595993871
5.100507736,0.075409107,2.160797119,-1.94011879,-0.418692833,0.668252347,-0.134310346,-0.600079864
5.117081642,0.075409107,2.160797119,-1.94011879,-0.418692833,0.668252347,-0.134310346,-0.600079864
5.134016037,0.076499671,2.161020279,-1.939073443,-0.414173405,0.667822138,-0.138047736,-0.602840614
5.150565624,0.076499671,2.161020279,-1.939073443,-0.414173405,0.667822138,-0.138047736,-0.602840614
5.167155027,0.077012517,2.161394119,-1.938067913,-0.409440262,0.665696705,-0.142120895,-0.607460468
5.183833361,0.077012517,2.161394119,-1.938067913,-0.409440262,0.665696705,-0.142120895,-0.607460468
5.20052433,0.076440796,2.161339045,-1.937523246,-0.406853034,0.662643958,-0.146785391,-0.611414461
5.217145681,0.076440796,2.161339045,-1.937523246,-0.406853034,0.662643958,-0.146785391,-0.611414461
5.233833313,0.076642267,2.161239147,-1.937250614,-0.403530374,0.658529517,-0.151248665,-0.616948906
5.250467062,0.076642267,2.161239147,-1.937250614,-0.403530374,0.658529517,-0.151248665,-0.616948906
5.267330408,0.07626535,2.161393881,-1.936576843,-0.400626486,0.654480068,-0.15586075,-0.621982062
5.283746481,0.07626535,2.161393881,-1.936576843,-0.400626486,0.654480068,-0.15586075,-0.621982062
5.300453424,0.075629085,2.162308931,-1.935723662,-0.397147789,0.651249642,-0.16203237,-0.626013617
5.317026615,0.075629085,2.162308931,-1.935723662,-0.397147789,0.651249642,-0.16203237,-0.626013617
5.333699942,0.075285278,2.161957026,-1.935080647,-0.393970401,0.64771569,-0.167499314,-0.630234629
5.350671768,0.075285278,2.161957026,-1.935080647,-0.393970401,0.64771569,-0.167499314,-0.630234629
5.367412806,0.075257458,2.162045479,-1.934433579,-0.388357158,0.645659235,-0.17275669,-0.634395773
5.384268045,0.075257458,2.162045479,-1.934433579,-0.388357158,0.645659235,-0.17275669,-0.634395773
5.400709152,0.074669689,2.162090778,-1.93422091,-0.383578537,0.643813985,-0.177296492,-0.637916148
5.417244911,0.074669689,2.162090778,-1.93422091,-0.383578537,0.643813985,-0.177296492,-0.637916148
5.43386054,0.074215867,2.162297726,-1.93381238,-0.379868852,0.641969443,-0.181474396,-0.640813493
5.45062089,0.074215867,2.162297726,-1.93381238,-0.379868852,0.641969443,-0.181474396,-0.640813493
5.467216969,0.073420249,2.163397074,-1.934148431,-0.376971277,0.638417432,-0.185265886,-0.64497472
5.483792067,0.073420249,2.163397074,-1.934148431,-0.376971277,0.638417432,-0.185265886,-0.64497472
5.500499725,0.072706744,2.164464712,-1.933822751,-0.375691649,0.634120911,-0.18824009,-0.649085606
5.517266273,0.072706744,2.164464712,-1.933822751,-0.375691649,0.634120911,-0.18824009,-0.649085606
5.533924103,0.072599553,2.165429354,-1.933831096,-0.373845439,0.631270926,-0.189646088,-0.652511277
5.550615549,0.072599553,2.165429354,-1.933831096,-0.373845439,0.631270926,-0.189646088,-0.652511277
5.56729579,0.072552383,2.165396214,-1.933698297,-0.373591734,0.629299481,-0.190755041,-0.65423535
5.583863735,0.072552383,2.165396214,-1.933698297,-0.373591734,0.629299481,-0.190755041,-0.65423535
5.600599527,0.072575152,2.166133642,-1.933523655,-0.37288017,0.628242418,-0.191698078,-0.655380569
5.617199659,0.072575152,2.166133642,-1.933523655,-0.37288017,0.628242418,-0.191698078,-0.655380569
5.63385272,0.072700992,2.166508675,-1.932908416,-0.371542425,0.627244081,-0.192568429,-0.656839774
5.650562525,0.072700992,2.166508675,-1.932908416,-0.371542425,0.627244081,-0.192568429,-0.656839774
5.66712594,0.072701856,2.166555643,-1.932738662,-0.36992651,0.626698899,-0.193433548,-0.658016968
5.683809757,0.072701856,2.166555643,-1.932738662,-0.36992651,0.626698899,-0.193433548,-0.658016968
5.700477123,0.072647996,2.166487455,-1.932592869,-0.368927498,0.625753493,-0.19562773,-0.658828399
5.717167854,0.072647996,2.166487455,-1.932592869,-0.368927498,0.625753493,-0.19562773,-0.658828399
5.733865261,0.07285773,2.166457891,-1.932407141,-0.368011264,0.624525412,-0.197248249,-0.660021854
5.750568151,0.07285773,2.166457891,-1.932407141,-0.368011264,0.624525412,-0.197248249,-0.660021854
5.767181635,0.072839901,2.16618228,-1.932312131,-0.366593861,0.623517946,-0.19886515,-0.661276768
5.783834934,0.072839901,2.16618228,-1.932312131,-0.366593861,0.623517946,-0.19886515,-0.661276768
5.80049181,0.072974436,2.165668726,-1.932125449,-0.365278517,0.622997535,-0.20085205,-0.66189435
5.817252398,0.072974436,2.165668726,-1.932125449,-0.365278517,0.622997535,-0.20085205,-0.66189435
5.833805799,0.072819278,2.165899277,-1.931776524,-0.362721413,0.62378113,-0.202000932,-0.662212883
5.850660563,0.072819278,2.165899277,-1.931776524,-0.362721413,0.62378113,-0.202000932,-0.662212883
5.867181301,0.073008224,2.165910244,-1.931557536,-0.362755379,0.623832097,-0.203220928,-0.66177285
5.883912086,0.073008224,2.165910244,-1.931557536,-0.362755379,0.623832097,-0.203220928,-0.66177285
5.900485277,0.073136009,2.165931702,-1.931449175,-0.362647561,0.623866812,-0.203157069,-0.661818821
5.917137623,0.073136009,2.165931702,-1.931449175,-0.362647561,0.623866812,-0.203157069,-0.661818821
5.933843374,0.073477313,2.166332722,-1.93139565,-0.362754786,0.623592333,-0.203315547,-0.661970056
5.950448036,0.073477313,2.166332722,-1.93139565,-0.362754786,0.623592333,-0.203315547,-0.661970056
5.967024088,0.073301829,2.16692996,-1.931245923,-0.363720238,0.622488737,-0.203420092,-0.662446698
5.983694792,0.073301829,2.16692996,-1.931245923,-0.363720238,0.622488737,-0.203420092,-0.662446698
6.000254154,0.073187627,2.167482376,-1.931163311,-0.364022483,0.621549845,-0.203872989,-0.663022795
6.017004251,0.073187627,2.167482376,-1.931163311,-0.364022483,0.621549845,-0.203872989,-0.663022795
6.033617496,0.073120199,2.167666435,-1.930990815,-0.364327543,0.621187494,-0.203323747,-0.663363394
6.050607204,0.073120199,2.167666435,-1.930990815,-0.364327543,0.621187494,-0.203323747,-0.663363394
6.067141533,0.073103629,2.167511463,-1.930839658,-0.36393095,0.621265301,-0.203909056,-0.663328566
6.083854675,0.073103629,2.167511463,-1.930839658,-0.36393095,0.621265301,-0.203909056,-0.663328566
6.100479364,0.072967693,2.167382002,-1.930053234,-0.363691068,0.620495833,-0.204878868,-0.663881298
6.117185831,0.072967693,2.167382002,-1.930053234,-0.363691068,0.620495833,-0.204878868,-0.663881298
6.133853912,0.072507322,2.166808367,-1.930014253,-0.36291561,0.620751547,-0.205399222,-0.663905819
6.150546074,0.072507322,2.166808367,-1.930014253,-0.36291561,0.620751547,-0.205399222,-0.663905819
6.167299509,0.072558716,2.166640997,-1.9301759,-0.36197253,0.619380266,-0.206422211,-0.66538248
6.1837008,0.072558716,2.166640997,-1.9301759,-0.36197253,0.619380266,-0.206422211,-0.66538248
6.200348377,0.072100952,2.166687489,-1.929890633,-0.360512523,0.61803131,-0.208682007,-0.666723211
6.216952085,0.072100952,2.166687489,-1.929890633,-0.360512523,0.61803131,-0.208682007,-0.666723211
6.233614922,0.071881287,2.16622448,-1.930206895,-0.357996287,0.616420839,-0.210865279,-0.668879542
6.250400305,0.071881287,2.16622448,-1.930206895,-0.357996287,0.616420839,-0.210865279,-0.668879542
6.26725769,0.071788236,2.165961027,-1.930442333,-0.356938502,0.614726467,-0.213573404,-0.670143774
6.283830881,0.071788236,2.165961027,-1.930442333,-0.356938502,0.614726467,-0.213573404,-0.670143774
6.30060792,0.071709417,2.165667772,-1.930388331,-0.35398665,0.613007769,-0.216771163,-0.672253813
6.31726861,0.071709417,2.165667772,-1.930388331,-0.35398665,0.613007769,-0.216771163,-0.672253813
6.333905697,0.071701474,2.165897131,-1.930204153,-0.350698093,0.611608354,-0.219584371,-0.674335802
6.350690603,0.071701474,2.165897131,-1.930204153,-0.350698093,0.611608354,-0.219584371,-0.674335802
6.367238998,0.072211482,2.166240215,-1.929926038,-0.347362508,0.612277715,-0.221054073,-0.674974358
6.383867025,0.072211482,2.166240215,-1.929926038,-0.347362508,0.612277715,-0.221054073,-0.674974358
6.40052104,0.071654163,2.166582346,-1.929660439,-0.346823526,0.608611127,-0.22293293,-0.6779431
6.417212963,0.071654163,2.166582346,-1.929660439,-0.346823526,0.608611127,-0.22293293,-0.6779431
6.433884859,0.071520269,2.167192221,-1.929346681,-0.345226159,0.606706529,-0.224415626,-0.679973318
6.450863123,0.071520269,2.167192221,-1.929346681,-0.345226159,0.606706529,-0.224415626,-0.679973318
6.467141628,0.071212716,2.167343855,-1.929238796,-0.344332375,0.604326326,-0.225863089,-0.682063613
6.483754396,0.071212716,2.167343855,-1.929238796,-0.344332375,0.604326326,-0.225863089,-0.682063613
6.500393152,0.071905859,2.16872406,-1.928700328,-0.343263677,0.602639109,-0.227145062,-0.683667517
6.517250538,0.071905859,2.16872406,-1.928700328,-0.343263677,0.602639109,-0.227145062,-0.683667517
6.533707619,0.071967967,2.169093609,-1.927790284,-0.341707858,0.601705533,-0.228375072,-0.684858393
6.550523043,0.071967967,2.169093609,-1.927790284,-0.341707858,0.601705533,-0.228375072,-0.684858393
6.567068577,0.072011203,2.168749332,-1.926830769,-0.338696954,0.601113943,-0.231276765,-0.685899016
6.583815098,0.072011203,2.168749332,-1.926830769,-0.338696954,0.601113943,-0.231276765,-0.685899016
6.600386143,0.071787052,2.16838932,-1.926417708,-0.335503641,0.601272372,-0.234768762,-0.686143185
6.617044449,0.071787052,2.16838932,-1.926417708,-0.335503641,0.601272372,-0.234768762,-0.686143185
6.633716106,0.072196491,2.168533802,-1.925818801,-0.33343711,0.601133318,-0.238139446,-0.686110802
6.65040493,0.072196491,2.168533802,-1.925818801,-0.33343711,0.601133318,-0.238139446,-0.686110802
6.667224169,0.073257655,2.168468475,-1.924949884,-0.331266042,0.601678084,-0.239893079,-0.686074051
6.683757305,0.073257655,2.168468475,-1.924949884,-0.331266042,0.601678084,-0.239893079,-0.686074051
6.700487375,0.073734015,2.168620586,-1.924545646,-0.329486246,0.601716362,-0.241341424,-0.686389504
6.717066526,0.073734015,2.168620586,-1.924545646,-0.329486246,0.601716362,-0.241341424,-0.686389504
6.733823061,0.073779866,2.16912818,-1.924354672,-0.329106218,0.600684643,-0.242239912,-0.687158557
6.75037837,0.073779866,2.16912818,-1.924354672,-0.329106218,0.600684643,-0.242239912,-0.687158557
6.767325401,0.073847011,2.16972518,-1.924160123,0.327873217,-0.599613737,0.242847077,0.688467731
6.783756018,0.073847011,2.16972518,-1.924160123,0.327873217,-0.599613737,0.242847077,0.688467731
6.800406933,0.07352028,2.170055628,-1.924670815,0.327810421,-0.598352106,0.243452163,0.689380976
6.817247152,0.07352028,2.170055628,-1.924670815,0.327810421,-0.598352106,0.243452163,0.689380976
6.833789587,0.073729396,2.170574188,-1.925053,0.32804127,-0.597662945,0.244012539,0.689670798
6.850415707,0.073729396,2.170574188,-1.925053,0.32804127,-0.597662945,0.244012539,0.689670798
6.867143869,0.073557705,2.170922995,-1.924954295,0.327377993,-0.597305583,0.243978693,0.690307241
6.883731127,0.073557705,2.170922995,-1.924954295,0.327377993,-0.597305583,0.243978693,0.690307241
6.900385618,0.073658891,2.170983315,-1.92511332,0.32668706,-0.598009391,0.244167435,0.689958402
6.917068005,0.073658891,2.170983315,-1.92511332,0.32668706,-0.598009391,0.244167435,0.689958402
6.933670282,0.073977791,2.170948267,-1.925219655,0.327358094,-0.598958436,0.243404928,0.689085998
6.950425386,0.073977791,2.170948267,-1.925219655,0.327358094,-0.598958436,0.243404928,0.689085998
6.967026234,0.073859043,2.170895576,-1.925632715,0.32900943,-0.600011294,0.242130118,0.687831555
6.984000206,0.073859043,2.170895576,-1.925632715,0.32900943,-0.600011294,0.242130118,0.687831555
7.000576258,0.073522083,2.170763016,-1.925908685,-0.331131519,0.601478119,-0.240582716,-0.686072843
7.017058372,0.073522083,2.170763016,-1.925908685,-0.331131519,0.601478119,-0.240582716,-0.686072843
7.033563852,0.072793767,2.170571327,-1.926313162,-0.33452745,0.603657617,-0.238496313,-0.683233763
7.050323009,0.072793767,2.170571327,-1.926313162,-0.33452745,0.603657617,-0.238496313,-0.683233763
7.066862583,0.071688376,2.169788599,-1.927129149,-0.338070304,0.606514339,-0.236579736,-0.679616697
7.083533049,0.071688376,2.169788599,-1.927129149,-0.338070304,0.606514339,-0.236579736,-0.679616697
7.100271702,0.07046634,2.16912818,-1.928236485,-0.342334476,0.609295329,-0.233878892,-0.675919353
7.117007256,0.07046634,2.16912818,-1.928236485,-0.342334476,0.609295329,-0.233878892,-0.675919353
7.133696318,0.06967397,2.168447018,-1.928966165,-0.347644648,0.612750164,-0.23015053,-0.671350258
7.150337934,0.06967397,2.168447018,-1.928966165,-0.347644648,0.612750164,-0.23015053,-0.671350258
7.167034388,0.068511359,2.168063164,-1.929866314,-0.35418293,0.616550675,-0.225251837,-0.666094083
7.183799028,0.068511359,2.168063164,-1.929866314,-0.35418293,0.616550675,-0.225251837,-0.666094083
7.200369358,0.067063525,2.167260647,-1.93101418,-0.36142628,0.620580996,-0.220917299,-0.659883185
7.217052698,0.067063525,2.167260647,-1.93101418,-0.36142628,0.620580996,-0.220917299,-0.659883185
7.233754396,0.066045195,2.167017221,-1.93166852,-0.367315406,0.625493159,-0.214835176,-0.653975189
7.250407457,0.066045195,2.167017221,-1.93166852,-0.367315406,0.625493159,-0.214835176,-0.653975189
7.267074823,0.065304801,2.166327953,-1.933211803,-0.375846974,0.629702821,-0.208104801,-0.647229327
7.283693552,0.065304801,2.166327953,-1.933211803,-0.375846974,0.629702821,-0.208104801,-0.647229327
7.300367594,0.064847544,2.166648388,-1.93421042,-0.383443447,0.635303536,-0.200886385,-0.639535144
7.316990614,0.064847544,2.166648388,-1.93421042,-0.383443447,0.635303536,-0.200886385,-0.639535144
7.333641291,0.064309098,2.166298389,-1.935327768,-0.391227727,0.640715831,-0.193664758,-0.631599597
7.350366831,0.064309098,2.166298389,-1.935327768,-0.391227727,0.640715831,-0.193664758,-0.631599597
7.367031336,0.063807704,2.166816711,-1.936179399,-0.398645785,0.645971513,-0.187114261,-0.62353075
7.383699179,0.063807704,2.166816711,-1.936179399,-0.398645785,0.645971513,-0.187114261,-0.62353075
7.400380135,0.063204207,2.167170286,-1.937134624,-0.404579862,0.650844321,-0.179558343,-0.616827048
7.417051554,0.063204207,2.167170286,-1.937134624,-0.404579862,0.650844321,-0.179558343,-0.616827048
7.433676004,0.063152559,2.168089867,-1.93799448,-0.412363932,0.65618222,-0.170490811,-0.608534112
7.450383186,0.063152559,2.168089867,-1.93799448,-0.412363932,0.65618222,-0.170490811,-0.608534112
7.467015743,0.063241579,2.168726683,-1.939348102,-0.422623574,0.661740732,-0.161026215,-0.597962438
7.483763218,0.063241579,2.168726683,-1.939348102,-0.422623574,0.661740732,-0.161026215,-0.597962438
7.500576973,0.063191526,2.168977499,-1.939914703,-0.430330116,0.668005197,-0.151633705,-0.587870961
7.517294407,0.063191526,2.168977499,-1.939914703,-0.430330116,0.668005197,-0.151633705,-0.587870961
7.533963203,0.06319429,2.170007467,-1.940196514,-0.437082374,0.674481416,-0.142102879,-0.577789399
7.550391436,0.06319429,2.170007467,-1.940196514,-0.437082374,0.674481416,-0.142102879,-0.577789399
7.567145348,0.062869132,2.170641661,-1.940448165,-0.447406213,0.680065238,-0.132124337,-0.565581216
7.583573103,0.062869132,2.170641661,-1.940448165,-0.447406213,0.680065238,-0.132124337,-0.565581216
7.600452423,0.062594384,2.17070055,-1.940697551,-0.457324634,0.68614092,-0.121889009,-0.552456231
7.617223978,0.062594384,2.17070055,-1.940697551,-0.457324634,0.68614092,-0.121889009,-0.552456231
7.634184361,0.061689988,2.170325518,-1.941262364,-0.466274277,0.691142649,-0.113800297,-0.540332888
7.650727272,0.061689988,2.170325518,-1.941262364,-0.466274277,0.691142649,-0.113800297,-0.540332888
7.667270899,0.059633773,2.169763803,-1.941797733,-0.47273741,0.696151067,-0.107292102,-0.529510564
7.683856487,0.059633773,2.169763803,-1.941797733,-0.47273741,0.696151067,-0.107292102,-0.529510564
7.700421095,0.058257591,2.1692307,-1.943255663,-0.479401311,0.70062839,-0.102103263,-0.518525954
7.716997623,0.058257591,2.1692307,-1.943255663,-0.479401311,0.70062839,-0.102103263,-0.518525954
7.733692408,0.056981862,2.168445826,-1.944375277,-0.485965115,0.705327684,-0.096208135,-0.507045126
7.750370502,0.056981862,2.168445826,-1.944375277,-0.485965115,0.705327684,-0.096208135,-0.507045126
7.766960621,0.054761939,2.167303324,-1.94545269,-0.492522904,0.709558937,-0.090727014,-0.495697402
7.783663273,0.054761939,2.167303324,-1.94545269,-0.492522904,0.709558937,-0.090727014,-0.495697402
7.800370693,0.053349558,2.166721106,-1.946577549,-0.498598887,0.713417653,-0.084967599,-0.484989598
7.817000628,0.053349558,2.166721106,-1.946577549,-0.498598887,0.713417653,-0.084967599,-0.484989598
7.833646059,0.05230907,2.165970802,-1.947526217,-0.506255772,0.717269681,-0.078384159,-0.472318983
7.850535631,0.05230907,2.165970802,-1.947526217,-0.506255772,0.717269681,-0.078384159,-0.472318983
7.867311001,0.05154169,2.16563797,-1.948940754,-0.513836741,0.721938179,-0.070575572,-0.458035106
7.883989096,0.05154169,2.16563797,-1.948940754,-0.513836741,0.721938179,-0.070575572,-0.458035106
7.900574684,0.05097837,2.16564703,-1.950397253,-0.521524228,0.725352615,-0.063760636,-0.444759087
7.917304039,0.05097837,2.16564703,-1.950397253,-0.521524228,0.725352615,-0.063760636,-0.444759087
7.933841467,0.050360914,2.166363955,-1.95216465,-0.528333559,0.728119968,-0.056796208,-0.43298863
7.950699806,0.050360914,2.166363955,-1.95216465,-0.528333559,0.728119968,-0.056796208,-0.43298863
7.967181444,0.050103843,2.16719389,-1.954321623,-0.536085844,0.730726847,-0.04919046,-0.419798215
7.984136105,0.050103843,2.16719389,-1.954321623,-0.536085844,0.730726847,-0.04919046,-0.419798215
8.000636816,0.05032352,2.168257475,-1.956710696,-0.543991632,0.732040713,-0.04203448,-0.407949264
8.017264366,0.05032352,2.168257475,-1.956710696,-0.543991632,0.732040713,-0.04203448,-0.407949264
8.033845425,0.049723633,2.168767452,-1.959166527,-0.551557303,0.733188881,-0.034984835,-0.396225526
8.050705433,0.049723633,2.168767452,-1.959166527,-0.551557303,0.733188881,-0.034984835,-0.396225526
8.067184925,0.050077256,2.1679914,-1.961621404,-0.557548858,0.73490295,-0.029922302,-0.384917629
8.084035635,0.050077256,2.1679914,-1.961621404,-0.557548858,0.73490295,-0.029922302,-0.384917629
8.100570202,0.049885735,2.168529749,-1.96431911,-0.560399097,0.737799824,-0.025830287,-0.37541586
8.117194176,0.049885735,2.168529749,-1.96431911,-0.560399097,0.737799824,-0.025830287,-0.37541586
8.133677959,0.050291758,2.168845892,-1.967157841,-0.564741853,0.739730288,-0.020722458,-0.365289365
8.150425196,0.050291758,2.168845892,-1.967157841,-0.564741853,0.739730288,-0.020722458,-0.365289365
8.167153835,0.04975649,2.169239044,-1.969876051,-0.572103919,0.740446884,-0.017086265,-0.352340144
8.183744431,0.04975649,2.169239044,-1.969876051,-0.572103919,0.740446884,-0.017086265,-0.352340144
8.200466633,0.049198866,2.169436216,-1.972106934,-0.57780806,0.741584338,-0.013466604,-0.340601184
8.217006445,0.049198866,2.169436216,-1.972106934,-0.57780806,0.741584338,-0.013466604,-0.340601184
8.233734608,0.049420789,2.169195175,-1.974430203,-0.581827645,0.743582516,-0.008766704,-0.329370276
8.250353098,0.049420789,2.169195175,-1.974430203,-0.581827645,0.743582516,-0.008766704,-0.329370276
8.267110825,0.048809282,2.16864419,-1.976336122,-0.586610485,0.744891894,-0.005953616,-0.317787286
8.283686638,0.048809282,2.16864419,-1.976336122,-0.586610485,0.744891894,-0.005953616,-0.317787286
8.300507307,0.047946125,2.167999983,-1.978378177,-0.591431771,0.746047552,-0.002542963,-0.305965756
8.317065477,0.047946125,2.167999983,-1.978378177,-0.591431771,0.746047552,-0.002542963,-0.305965756
8.333800077,0.047624435,2.167518139,-1.979781032,-0.595272259,0.7481215,0.001353567,-0.293195032
8.350376368,0.047624435,2.167518139,-1.979781032,-0.595272259,0.7481215,0.001353567,-0.293195032
8.367063522,0.046863042,2.167145967,-1.980792046,-0.599024907,0.749878013,0.005135405,-0.280759244
8.383668184,0.046863042,2.167145967,-1.980792046,-0.599024907,0.749878013,0.005135405,-0.280759244
8.400398254,0.045732148,2.166616201,-1.982118845,-0.604176466,0.749995285,0.009189307,-0.269060267
8.417023659,0.045732148,2.166616201,-1.982118845,-0.604176466,0.749995285,0.009189307,-0.269060267
8.433876514,0.045096919,2.165947676,-1.982818007,-0.609179709,0.749972676,0.013935398,-0.257384676
8.45036149,0.045096919,2.165947676,-1.982818007,-0.609179709,0.749972676,0.013935398,-0.257384676
8.467112303,0.04424547,2.164831877,-1.983053446,-0.612037587,0.751550553,0.017079386,-0.245540329
8.483805895,0.04424547,2.164831877,-1.983053446,-0.612037587,0.751550553,0.017079386,-0.245540329
8.500349283,0.043153748,2.164277554,-1.982715249,-0.612996342,0.75405388,0.019770956,-0.235047526
8.51714015,0.043153748,2.164277554,-1.982715249,-0.612996342,0.75405388,0.019770956,-0.235047526
8.533671141,0.042301688,2.163887262,-1.982660651,-0.616320985,0.754269444,0.023343543,-0.225124697
8.550411463,0.042301688,2.163887262,-1.982660651,-0.616320985,0.754269444,0.023343543,-0.225124697
8.567093849,0.040987551,2.163600683,-1.982544541,-0.620270912,0.754071868,0.026801357,-0.214292558
8.583844423,0.040987551,2.163600683,-1.982544541,-0.620270912,0.754071868,0.026801357,-0.214292558
8.600431919,0.040429801,2.163593054,-1.98237288,-0.622554391,0.754473335,0.030558323,-0.205577737
8.617103338,0.040429801,2.163593054,-1.98237288,-0.622554391,0.754473335,0.030558323,-0.205577737
8.633905888,0.03970281,2.163518667,-1.98238039,-0.625473843,0.754263458,0.034294498,-0.196705352
8.650551081,0.03970281,2.163518667,-1.98238039,-0.625473843,0.754263458,0.034294498,-0.196705352
8.666990757,0.039777774,2.162769318,-1.982532144,-0.629408418,0.75351539,0.037465549,-0.18616104
8.683605909,0.039777774,2.162769318,-1.982532144,-0.629408418,0.75351539,0.037465549,-0.18616104
8.700350761,0.038778052,2.162519693,-1.981667161,-0.631476373,0.753636539,0.041635112,-0.177583994
8.716959476,0.038778052,2.162519693,-1.981667161,-0.631476373,0.753636539,0.041635112,-0.177583994
8.733611584,0.037502896,2.162051201,-1.981458426,-0.634621408,0.753315498,0.044986391,-0.16657627
8.750323296,0.037502896,2.162051201,-1.981458426,-0.634621408,0.753315498,0.044986391,-0.16657627
8.766905069,0.037626505,2.161686897,-1.981559038,-0.637745111,0.752799421,0.047620807,-0.155905304
8.783728123,0.037626505,2.161686897,-1.981559038,-0.637745111,0.752799421,0.047620807,-0.155905304
8.80028367,0.037049402,2.161317825,-1.982021332,-0.640395791,0.752013321,0.050969449,-0.147551045
8.816902637,0.037049402,2.161317825,-1.982021332,-0.640395791,0.752013321,0.050969449,-0.147551045
8.833561182,0.036522992,2.160700321,-1.982452869,-0.643509102,0.750907832,0.052390913,-0.138883601
8.85033083,0.036522992,2.160700321,-1.982452869,-0.643509102,0.750907832,0.052390913,-0.138883601
8.867038727,0.03612515,2.160241842,-1.983368874,-0.645699368,0.750192608,0.053720931,-0.131899351
8.88366437,0.03612515,2.160241842,-1.983368874,-0.645699368,0.750192608,0.053720931,-0.131899351
8.900377274,0.035515014,2.159758568,-1.984660506,-0.646778569,0.750000259,0.053310975,-0.127808582
8.916951656,0.035515014,2.159758568,-1.984660506,-0.646778569,0.750000259,0.053310975,-0.127808582
8.933636904,0.035139199,2.159517765,-1.986150503,-0.646235611,0.751026605,0.052068386,-0.125009826
8.950516701,0.035139199,2.159517765,-1.986150503,-0.646235611,0.751026605,0.052068386,-0.125009826
8.96723485,0.034283094,2.15945673,-1.987312913,-0.646429837,0.751210985,0.051035093,-0.12331237
8.983857393,0.034283094,2.15945673,-1.987312913,-0.646429837,0.751210985,0.051035093,-0.12331237
9.00036788,0.033888269,2.159627438,-1.988698602,-0.647393811,0.750586137,0.050050324,-0.122460892
9.017101526,0.033888269,2.159627438,-1.988698602,-0.647393811,0.750586137,0.050050324,-0.122460892
9.033666849,0.033528864,2.160458803,-1.990206718,-0.648323983,0.74942624,0.050216177,-0.124557858
9.050354719,0.033528864,2.160458803,-1.990206718,-0.648323983,0.74942624,0.050216177,-0.124557858
9.066943645,0.033373296,2.161179304,-1.991891384,-0.648820758,0.748792064,0.05007936,-0.125833729
9.08369875,0.033373296,2.161179304,-1.991891384,-0.648820758,0.748792064,0.05007936,-0.125833729
9.100320339,0.033864822,2.161743641,-1.993103147,-0.649451245,0.748010521,0.049700666,-0.12737027
9.117011547,0.033864822,2.161743641,-1.993103147,-0.649451245,0.748010521,0.049700666,-0.12737027
9.133662701,0.033354871,2.162529707,-1.994276643,-0.649498109,0.747602177,0.050318607,-0.129271916
9.150381565,0.033354871,2.162529707,-1.994276643,-0.649498109,0.747602177,0.050318607,-0.129271916
9.16697073,0.033002194,2.162814856,-1.995328069,-0.65050635,0.746719959,0.050139638,-0.129370813
9.183675528,0.033002194,2.162814856,-1.995328069,-0.65050635,0.746719959,0.050139638,-0.129370813
9.200350046,0.03231056,2.162730217,-1.995905757,-0.651307749,0.746052815,0.050221896,-0.12915562
9.217022181,0.03231056,2.162730217,-1.995905757,-0.651307749,0.746052815,0.050221896,-0.12915562
9.233765364,0.031627826,2.162740469,-1.997005582,-0.652141462,0.745497277,0.048757906,-0.128716705
9.250424862,0.031627826,2.162740469,-1.997005582,-0.652141462,0.745497277,0.048757906,-0.128716705
9.267533064,0.030327609,2.162017822,-1.997959852,-0.652383121,0.745660541,0.046998429,-0.127191855
9.284027576,0.030327609,2.162017822,-1.997959852,-0.652383121,0.745660541,0.046998429,-0.127191855
9.300696135,0.029444151,2.160605431,-1.999251485,-0.653184761,0.745319668,0.044726626,-0.125888003
9.317202568,0.029444151,2.160605431,-1.999251485,-0.653184761,0.745319668,0.044726626,-0.125888003
9.333822727,0.027056424,2.15886116,-2.000388861,-0.653989318,0.745271058,0.041551201,-0.123054944
9.350377321,0.027056424,2.15886116,-2.000388861,-0.653989318,0.745271058,0.041551201,-0.123054944
9.367115974,0.023938186,2.157217741,-2.001088142,-0.655199585,0.745220649,0.038207033,-0.117897881
9.383738279,0.023938186,2.157217741,-2.001088142,-0.655199585,0.745220649,0.038207033,-0.117897881
9.400341272,0.019263633,2.154787064,-2.002095222,-0.656955624,0.745074852,0.033963924,-0.110087351
9.417050838,0.019263633,2.154787064,-2.002095222,-0.656955624,0.745074852,0.033963924,-0.110087351
9.433872461,0.013420428,2.152138948,-2.003107786,-0.659630099,0.744431714,0.029293384,-0.099254487
9.450661898,0.013420428,2.152138948,-2.003107786,-0.659630099,0.744431714,0.029293384,-0.099254487
9.467386723,0.00547488,2.149606466,-2.004687071,-0.661612301,0.744170897,0.024190636,-0.088846227
9.484163761,0.00547488,2.149606466,-2.004687071,-0.661612301,0.744170897,0.024190636,-0.088846227
9.500744581,-0.002624423,2.145617247,-2.006114721,-0.664956814,0.743006107,0.015240945,-0.074445108
9.517193794,-0.002624423,2.145617247,-2.006114721,-0.664956814,0.743006107,0.015240945,-0.074445108
9.533675909,-0.013150784,2.1413486,-2.008793354,-0.668577753,0.741234608,0.007318107,-0.059342142
9.550360203,-0.013150784,2.1413486,-2.008793354,-0.668577753,0.741234608,0.007318107,-0.059342142
9.566994429,-0.024593687,2.137759924,-2.011832714,-0.670157859,0.740801412,-0.002585763,-0.045771459
9.583761215,-0.024593687,2.137759924,-2.011832714,-0.670157859,0.740801412,-0.002585763,-0.045771459
9.600398064,-0.036395982,2.134185791,-2.014699221,-0.673028855,0.738835538,-0.012199994,-0.031707535
9.617091894,-0.036395982,2.134185791,-2.014699221,-0.673028855,0.738835538,-0.012199994,-0.031707535
9.633664846,-0.049417585,2.130556345,-2.018501043,-0.676718975,0.735778081,-0.021289834,-0.015125704
9.650408268,-0.049417585,2.130556345,-2.018501043,-0.676718975,0.735778081,-0.021289834,-0.015125704
9.667087317,-0.063546233,2.12652564,-2.022726774,-0.680542992,0.731947634,-0.033234739,0.003057648
9.683826685,-0.063546233,2.12652564,-2.022726774,-0.680542992,0.731947634,-0.033234739,0.003057648
9.700360537,-0.079021625,2.123384953,-2.027411938,-0.680490925,0.731069247,-0.046390847,0.017825452
9.717090845,-0.079021625,2.123384953,-2.027411938,-0.680490925,0.731069247,-0.046390847,0.017825452
9.733623981,-0.095439225,2.120336294,-2.032602072,-0.676910648,0.732644801,-0.063886451,0.030693499
9.750478506,-0.095439225,2.120336294,-2.032602072,-0.676910648,0.732644801,-0.063886451,0.030693499
9.767099857,-0.112658404,2.117759466,-2.038309813,-0.67746123,0.729372646,-0.08137535,0.049395116
9.783915758,-0.112658404,2.117759466,-2.038309813,-0.67746123,0.729372646,-0.08137535,0.049395116
9.800532579,-0.130648211,2.117549658,-2.046601295,-0.67639777,0.726863243,-0.099417924,0.065360224
9.817208529,-0.130648211,2.117549658,-2.046601295,-0.67639777,0.726863243,-0.099417924,0.065360224
9.83382082,-0.149300769,2.116557598,-2.053778887,-0.675052729,0.723848556,-0.117805945,0.080429098
9.85049963,-0.149300769,2.116557598,-2.053778887,-0.675052729,0.723848556,-0.117805945,0.080429098
9.86708498,-0.169598326,2.117430687,-2.061598063,-0.671700654,0.720629904,-0.139361157,0.100445213
9.883796215,-0.169598326,2.117430687,-2.061598063,-0.671700654,0.720629904,-0.139361157,0.100445213
9.900567532,-0.191540152,2.11230135,-2.069453955,-0.668145636,0.717065546,-0.160451753,0.11684882
9.917123318,-0.191540152,2.11230135,-2.069453955,-0.668145636,0.717065546,-0.160451753,0.11684882
9.933897495,-0.211306736,2.114168644,-2.083447456,-0.664372184,0.712251311,-0.182253208,0.134504421
9.950407267,-0.211306736,2.114168644,-2.083447456,-0.664372184,0.712251311,-0.182253208,0.134504421
9.967301846,-0.231612608,2.11874795,-2.082451344,-0.658946585,0.706482231,-0.20513828,0.156813713
9.984166861,-0.231612608,2.11874795,-2.082451344,-0.658946585,0.706482231,-0.20513828,0.156813713
10.00064564,-0.253006905,2.123759031,-2.090850592,-0.65167841,0.701573195,-0.229481681,0.17449487
10.01735663,-0.253006905,2.123759031,-2.090850592,-0.65167841,0.701573195,-0.229481681,0.17449487
10.03394437,-0.273194015,2.12869525,-2.099384546,-0.644485705,0.694970182,-0.254339608,0.192265405
10.05059528,-0.273194015,2.12869525,-2.099384546,-0.644485705,0.694970182,-0.254339608,0.192265405
10.0671277,-0.293307215,2.131170511,-2.107262135,-0.639111992,0.687531731,-0.275557003,0.207133577
10.0838778,-0.293307215,2.131170511,-2.107262135,-0.639111992,0.687531731,-0.275557003,0.207133577
10.10049081,-0.314145923,2.136281967,-2.109068632,-0.634802128,0.678487021,-0.291912511,0.226867157
10.11723375,-0.314145923,2.136281967,-2.109068632,-0.634802128,0.678487021,-0.291912511,0.226867157
10.13382602,-0.33142364,2.143639326,-2.116041899,-0.625840665,0.675264063,-0.308139947,0.239565608
10.15069699,-0.33142364,2.143639326,-2.116041899,-0.625840665,0.675264063,-0.308139947,0.239565608
10.16728354,-0.349243045,2.15209651,-2.119118214,-0.618788476,0.667580965,-0.325414562,0.256011405
10.18387294,-0.349243045,2.15209651,-2.119118214,-0.618788476,0.667580965,-0.325414562,0.256011405
10.20040727,-0.364641666,2.158492565,-2.122356892,-0.610553107,0.660027481,-0.341219938,0.274148832
10.2171309,-0.364641666,2.158492565,-2.122356892,-0.610553107,0.660027481,-0.341219938,0.274148832
10.2337749,-0.37940073,2.167077303,-2.124928951,-0.602920958,0.651830516,-0.355856791,0.291494839
10.25071335,-0.37940073,2.167077303,-2.124928951,-0.602920958,0.651830516,-0.355856791,0.291494839
10.26744223,-0.392856061,2.174841881,-2.127679825,-0.594077785,0.643410404,-0.370893388,0.309083697
10.28405452,-0.392856061,2.174841881,-2.127679825,-0.594077785,0.643410404,-0.370893388,0.309083697
10.30032825,-0.405404449,2.18361783,-2.13038826,-0.585550171,0.632886111,-0.387206805,0.326583922
10.31700754,-0.405404449,2.18361783,-2.13038826,-0.585550171,0.632886111,-0.387206805,0.326583922
10.33367085,-0.416334093,2.192498207,-2.134184361,-0.577927933,0.622858787,-0.401961373,0.341281836
10.35035992,-0.416334093,2.192498207,-2.134184361,-0.577927933,0.622858787,-0.401961373,0.341281836
10.36719799,-0.426287085,2.201277256,-2.137676477,-0.570575493,0.613356867,-0.418028358,0.351410376
10.38413,-0.426287085,2.201277256,-2.137676477,-0.570575493,0.613356867,-0.418028358,0.351410376
10.40046072,-0.434468865,2.2087605,-2.141348839,-0.564482731,0.605751902,-0.430020673,0.359869561
10.41702294,-0.434468865,2.2087605,-2.141348839,-0.564482731,0.605751902,-0.430020673,0.359869561
10.43366575,-0.4414033,2.216497183,-2.144390821,-0.558141065,0.600370206,-0.437822319,0.3692503
10.4504025,-0.4414033,2.216497183,-2.144390821,-0.558141065,0.600370206,-0.437822319,0.3692503
10.46701622,-0.447933823,2.224696159,-2.148055792,-0.55321126,0.593955573,-0.444385161,0.379072431
10.4841361,-0.447933823,2.224696159,-2.148055792,-0.55321126,0.593955573,-0.444385161,0.379072431
10.50080061,-0.453442901,2.229512215,-2.149732351,-0.546013226,0.589601014,-0.451119328,0.388241616
10.51733851,-0.453442901,2.229512215,-2.149732351,-0.546013226,0.589601014,-0.451119328,0.388241616
10.5337882,-0.458549708,2.234436989,-2.150707245,-0.537636906,0.584951423,-0.459282789,0.397287944
10.55064487,-0.458549708,2.234436989,-2.150707245,-0.537636906,0.584951423,-0.459282789,0.397287944
10.56710005,-0.463069797,2.239120007,-2.150433302,-0.53013243,0.579936671,-0.468794227,0.403565406
10.58385777,-0.463069797,2.239120007,-2.150433302,-0.53013243,0.579936671,-0.468794227,0.403565406
10.60051131,-0.467104912,2.243007898,-2.150036812,-0.522183348,0.577065482,-0.475828972,0.409764286
10.6171577,-0.467104912,2.243007898,-2.150036812,-0.522183348,0.577065482,-0.475828972,0.409764286
10.63381076,-0.470345289,2.246509552,-2.149954557,-0.514022883,0.573696284,-0.48257458,0.416863077
10.65065455,-0.470345289,2.246509552,-2.149954557,-0.514022883,0.573696284,-0.48257458,0.416863077
10.66708994,-0.472943097,2.249549627,-2.150789261,-0.510524502,0.569203269,-0.489715503,0.418988184
10.6838994,-0.472943097,2.249549627,-2.150789261,-0.510524502,0.569203269,-0.489715503,0.418988184
10.70047355,-0.475430667,2.251603603,-2.152648211,-0.509602814,0.564161347,-0.491836382,0.424410084
10.71724343,-0.475430667,2.251603603,-2.152648211,-0.509602814,0.564161347,-0.491836382,0.424410084
10.73384047,-0.47718513,2.253022194,-2.154552221,-0.509346212,0.560120808,-0.495203953,0.426150397
10.75047135,-0.47718513,2.253022194,-2.154552221,-0.509346212,0.560120808,-0.495203953,0.426150397
10.7671051,-0.478648365,2.254196882,-2.155925512,-0.509307668,0.558337506,-0.496308593,0.427250172
10.78374195,-0.478648365,2.254196882,-2.155925512,-0.509307668,0.558337506,-0.496308593,0.427250172
10.80059862,-0.479223043,2.255002499,-2.156912565,-0.508426974,0.557727662,-0.496566327,0.428793364
10.81715298,-0.479223043,2.255002499,-2.156912565,-0.508426974,0.557727662,-0.496566327,0.428793364
10.83375907,-0.479841322,2.255617857,-2.157842875,-0.508959921,0.557210579,-0.497863028,0.427327246
10.85040975,-0.479841322,2.255617857,-2.157842875,-0.508959921,0.557210579,-0.497863028,0.427327246
10.8671236,-0.478100151,2.252568245,-2.156653166,-0.508683617,0.558164375,-0.496575993,0.427908625
10.88379717,-0.478100151,2.252568245,-2.156653166,-0.508683617,0.558164375,-0.496575993,0.427908625
10.90057588,-0.477960855,2.253182888,-2.157320499,-0.508013984,0.557839077,-0.497041174,0.428587712
10.91720366,-0.477960855,2.253182888,-2.157320499,-0.508013984,0.557839077,-0.497041174,0.428587712
10.93382955,-0.478826523,2.253740788,-2.157979965,-0.507902063,0.557646948,-0.497995843,0.427861562
10.95046282,-0.478826523,2.253740788,-2.157979965,-0.507902063,0.557646948,-0.497995843,0.427861562
10.96718836,-0.479874879,2.25415802,-2.159138918,-0.507228191,0.557056121,-0.49779233,0.429663632
10.98391747,-0.479874879,2.25415802,-2.159138918,-0.507228191,0.557056121,-0.49779233,0.429663632
11.00040984,-0.479676217,2.250992298,-2.157462597,-0.507470427,0.557152847,-0.498268786,0.428698831
11.0171392,-0.479676217,2.250992298,-2.157462597,-0.507470427,0.557152847,-0.498268786,0.428698831
11.03382444,-0.47991088,2.251109838,-2.157770157,-0.50721616,0.557732645,-0.498193774,0.428332846
11.0509038,-0.47991088,2.251109838,-2.157770157,-0.50721616,0.557732645,-0.498193774,0.428332846
11.06710243,-0.47971952,2.249882221,-2.156682968,-0.506682708,0.558373752,-0.498751794,0.427478695
11.08417416,-0.47971952,2.249882221,-2.156682968,-0.506682708,0.558373752,-0.498751794,0.427478695
11.10094666,-0.479621619,2.249308586,-2.156641483,-0.505301047,0.560246455,-0.500263491,0.424889634
11.11741138,-0.479621619,2.249308586,-2.156641483,-0.505301047,0.560246455,-0.500263491,0.424889634
11.13397312,-0.479629338,2.249094963,-2.156549215,-0.504371192,0.560444402,-0.501824524,0.423891401
11.15073657,-0.479629338,2.249094963,-2.156549215,-0.504371192,0.560444402,-0.501824524,0.423891401
11.16715145,-0.480284214,2.248399973,-2.156725883,-0.50327208,0.560032357,-0.502865524,0.424508229
11.18390179,-0.480284214,2.248399973,-2.156725883,-0.50327208,0.560032357,-0.502865524,0.424508229
11.20047283,-0.480538011,2.245724678,-2.155883074,-0.5017333,0.559131772,-0.504602466,0.425454707
11.21715069,-0.480538011,2.245724678,-2.155883074,-0.5017333,0.559131772,-0.504602466,0.425454707
11.23381996,-0.481572688,2.243075609,-2.155724525,-0.499756064,0.559474904,-0.506912541,0.424583778
11.25051975,-0.481572688,2.243075609,-2.155724525,-0.499756064,0.559474904,-0.506912541,0.424583778
11.26709747,-0.482665151,2.239430189,-2.155747175,-0.498042812,0.558873939,-0.508857987,0.425060968
11.28383374,-0.482665151,2.239430189,-2.155747175,-0.498042812,0.558873939,-0.508857987,0.425060968
11.30047369,-0.483815432,2.234520197,-2.155770779,-0.497499021,0.558885678,-0.509856497,0.424485424
11.31725645,-0.483815432,2.234520197,-2.155770779,-0.497499021,0.558885678,-0.509856497,0.424485424
11.33385539,-0.484857202,2.228291512,-2.155874014,-0.497606821,0.559285078,-0.508999924,0.424860838
11.35058284,-0.484857202,2.228291512,-2.155874014,-0.497606821,0.559285078,-0.508999924,0.424860838
11.36722898,-0.486300021,2.221119642,-2.156482458,-0.497096167,0.559429348,-0.509137869,0.425103325
11.38379836,-0.486300021,2.221119642,-2.156482458,-0.497096167,0.559429348,-0.509137869,0.425103325
11.40047359,-0.487464339,2.212387085,-2.155932903,-0.49547026,0.560459016,-0.510504439,0.424004871
11.41728187,-0.487464339,2.212387085,-2.155932903,-0.49547026,0.560459016,-0.510504439,0.424004871
11.43402624,-0.489164114,2.20323348,-2.155869007,-0.495016322,0.560117539,-0.513339024,0.421556911
11.45041656,-0.489164114,2.20323348,-2.155869007,-0.495016322,0.560117539,-0.513339024,0.421556911
11.4672277,-0.491617948,2.192437887,-2.155629635,-0.494140782,0.560548418,-0.515045715,0.419926505
11.48397326,-0.491617948,2.192437887,-2.155629635,-0.494140782,0.560548418,-0.515045715,0.419926505
11.50050735,-0.493973225,2.18140769,-2.155653715,-0.494780988,0.559951193,-0.514204062,0.420999545
11.5172627,-0.493973225,2.18140769,-2.155653715,-0.494780988,0.559951193,-0.514204062,0.420999545
11.53390288,-0.4957425,2.167987347,-2.156249523,-0.494568252,0.562535092,-0.513728071,0.418377799
11.55057812,-0.4957425,2.167987347,-2.156249523,-0.494568252,0.562535092,-0.513728071,0.418377799
11.56726217,-0.498090923,2.154761553,-2.156502962,-0.495339624,0.56198002,-0.514209988,0.417618489
11.58385563,-0.498090923,2.154761553,-2.156502962,-0.495339624,0.56198002,-0.514209988,0.417618489
11.6005609,-0.500475407,2.140921831,-2.156904221,-0.495116365,0.563455818,-0.514490383,0.415544188
11.61725593,-0.500475407,2.140921831,-2.156904221,-0.495116365,0.563455818,-0.514490383,0.415544188
11.63388205,-0.502993762,2.127276897,-2.157636404,-0.496784339,0.561581486,-0.511793581,0.419403012
11.65049839,-0.502993762,2.127276897,-2.157636404,-0.496784339,0.561581486,-0.511793581,0.419403012
11.66715765,-0.506842136,2.112375736,-2.156734705,-0.496801293,0.561767246,-0.511357568,0.419665908
11.68387985,-0.506842136,2.112375736,-2.156734705,-0.496801293,0.561767246,-0.511357568,0.419665908
11.70050359,-0.509792387,2.097938061,-2.15773201,-0.497110376,0.560926857,-0.509485503,0.422690026
11.71716833,-0.509792387,2.097938061,-2.15773201,-0.497110376,0.560926857,-0.509485503,0.422690026
11.73385668,-0.512275994,2.083198786,-2.156843185,-0.495654932,0.562821296,-0.510515472,0.420633248
11.7504828,-0.512275994,2.083198786,-2.156843185,-0.495654932,0.562821296,-0.510515472,0.420633248
11.76719069,-0.514360189,2.069213867,-2.157297611,-0.494659607,0.565182511,-0.515835465,0.412061132
11.78386807,-0.514360189,2.069213867,-2.157297611,-0.494659607,0.565182511,-0.515835465,0.412061132
11.80058527,-0.517588437,2.05474925,-2.156386614,-0.493649301,0.562460541,-0.515225046,0.417721988
11.81712914,-0.517588437,2.05474925,-2.156386614,-0.493649301,0.562460541,-0.515225046,0.417721988
11.83383679,-0.520375788,2.04079771,-2.157561541,-0.493996204,0.562366199,-0.515985268,0.416498754
11.85046935,-0.520375788,2.04079771,-2.157561541,-0.493996204,0.562366199,-0.515985268,0.416498754
11.86721754,-0.523152828,2.027292967,-2.157726526,-0.493454227,0.558798108,-0.519048932,0.418133718
11.88381648,-0.523152828,2.027292967,-2.157726526,-0.493454227,0.558798108,-0.519048932,0.418133718
11.90054059,-0.526117384,2.013149261,-2.156229258,-0.491129282,0.561117003,-0.522171964,0.413855262
11.91709995,-0.526117384,2.013149261,-2.156229258,-0.491129282,0.561117003,-0.522171964,0.413855262
11.93380952,-0.529643118,1.999452114,-2.157695532,-0.493403781,0.562614286,-0.519325437,0.412697183
11.95048141,-0.529643118,1.999452114,-2.157695532,-0.493403781,0.562614286,-0.519325437,0.412697183
11.96711373,-0.532446086,1.988359928,-2.159089327,-0.494376771,0.560405941,-0.519208586,0.414679678
11.98377252,-0.532446086,1.988359928,-2.159089327,-0.494376771,0.560405941,-0.519208586,0.414679678
12.00042653,-0.533562541,1.977724671,-2.159459829,-0.495798689,0.557059708,-0.520421825,0.415967867
12.01715207,-0.533562541,1.977724671,-2.159459829,-0.495798689,0.557059708,-0.520421825,0.415967867
12.03380203,-0.535668969,1.968894601,-2.157749653,-0.497754142,0.554821774,-0.518074249,0.419538659
12.05057335,-0.535668969,1.968894601,-2.157749653,-0.497754142,0.554821774,-0.518074249,0.419538659
12.06709242,-0.537546575,1.962884188,-2.156943798,-0.496509567,0.554762125,-0.518696381,0.420322851
12.08384013,-0.537546575,1.962884188,-2.156943798,-0.496509567,0.554762125,-0.518696381,0.420322851
12.10034275,-0.538872957,1.957964778,-2.156795502,-0.494001376,0.554245648,-0.521902932,0.419990157
12.11716008,-0.538872957,1.957964778,-2.156795502,-0.494001376,0.554245648,-0.521902932,0.419990157
12.13375521,-0.540084481,1.954940319,-2.157082319,-0.491134543,0.553258126,-0.52548769,0.420184476
12.15054202,-0.540084481,1.954940319,-2.157082319,-0.491134543,0.553258126,-0.52548769,0.420184476
12.16696835,-0.540356934,1.953678131,-2.155274153,-0.487897595,0.553673602,-0.527538802,0.420837607
12.18366742,-0.540356934,1.953678131,-2.155274153,-0.487897595,0.553673602,-0.527538802,0.420837607
12.20030332,-0.540622652,1.953198433,-2.155992746,-0.485237553,0.553748944,-0.529949929,0.42078462
12.21702576,-0.540622652,1.953198433,-2.155992746,-0.485237553,0.553748944,-0.529949929,0.42078462
12.23369241,-0.540335953,1.953750014,-2.156774998,-0.484222624,0.552796172,-0.531226407,0.421596189
12.25033712,-0.540335953,1.953750014,-2.156774998,-0.484222624,0.552796172,-0.531226407,0.421596189
12.26696348,-0.54052031,1.953008056,-2.15576458,-0.483546072,0.551807948,-0.532297647,0.422315521
12.28369474,-0.54052031,1.953008056,-2.15576458,-0.483546072,0.551807948,-0.532297647,0.422315521
12.30029655,-0.541000068,1.953533173,-2.154566288,-0.484862804,0.552235265,-0.53096903,0.421919617
12.31705451,-0.541000068,1.953533173,-2.154566288,-0.484862804,0.552235265,-0.53096903,0.421919617
12.33366179,-0.54096204,1.953342557,-2.155326366,-0.486045603,0.553870191,-0.529632745,0.420091227
12.35035586,-0.54096204,1.953342557,-2.155326366,-0.486045603,0.553870191,-0.529632745,0.420091227
12.36699176,-0.541037261,1.95337069,-2.154242754,-0.48628815,0.554012075,-0.529476572,0.419820219
12.38372278,-0.541037261,1.95337069,-2.154242754,-0.48628815,0.554012075,-0.529476572,0.419820219
12.40040183,-0.540619731,1.953458071,-2.154584646,-0.486884347,0.554794666,-0.528853443,0.41888011
12.41701794,-0.540619731,1.953458071,-2.154584646,-0.486884347,0.554794666,-0.528853443,0.41888011
