0.000510693,-0.483838588,1.975015998,-2.063422203,0.036083245,0.997841789,-0.052686003,-0.015295347
0.016918898,-0.483838588,1.975015998,-2.063422203,0.036083245,0.997841789,-0.052686003,-0.015295347
0.033508539,-0.484131843,1.974699259,-2.063474655,0.035885459,0.997847948,-0.052736725,-0.015183679
0.050218344,-0.484131843,1.974699259,-2.063474655,0.035885459,0.997847948,-0.052736725,-0.015183679
0.066805363,-0.484141916,1.974678755,-2.06333828,0.035981111,0.99784684,-0.052681131,-0.015223055
0.083500624,-0.484141916,1.974678755,-2.06333828,0.035981111,0.99784684,-0.052681131,-0.015223055
0.100275755,-0.484097719,1.974724293,-2.063381195,0.03588838,0.99785075,-0.052681311,-0.015185013
0.116897106,-0.484097719,1.974724293,-2.063381195,0.03588838,0.99785075,-0.052681311,-0.015185013
0.133586884,-0.484151691,1.974859357,-2.063352108,0.035883181,0.997857046,-0.052603331,-0.015053301
0.150256157,-0.484151691,1.974859357,-2.063352108,0.035883181,0.997857046,-0.052603331,-0.015053301
0.167224407,-0.484178215,1.974787951,-2.06338501,0.035958899,0.997852314,-0.05264017,-0.015057519
0.183569193,-0.484178215,1.974787951,-2.06338501,0.035958899,0.997852314,-0.05264017,-0.015057519
0.200451374,-0.484174341,1.974819422,-2.06336832,0.035959742,0.99785256,-0.052632536,-0.015065893
0.217052937,-0.484174341,1.974819422,-2.06336832,0.035959742,0.99785256,-0.052632536,-0.015065893
0.233698606,-0.483745277,1.974885821,-2.063343763,0.035953606,0.997852713,-0.052601789,-0.015177413
0.250512838,-0.483745277,1.974885821,-2.063343763,0.035953606,0.997852713,-0.052601789,-0.015177413
0.267195463,-0.483912885,1.974801898,-2.063370943,0.035853352,0.997856331,-0.05263944,-0.015045586
0.283784389,-0.483912885,1.974801898,-2.063370943,0.035853352,0.997856331,-0.05263944,-0.015045586
0.300364256,-0.484085023,1.974738955,-2.063395262,0.035748954,0.997868656,-0.052547878,-0.014794514
0.317081928,-0.484085023,1.974738955,-2.063395262,0.035748954,0.997868656,-0.052547878,-0.014794514
0.333678007,-0.483993948,1.974944472,-2.063346863,0.035777131,0.997853535,-0.052814176,-0.01479807
0.350510359,-0.483993948,1.974944472,-2.063346863,0.035777131,0.997853535,-0.052814176,-0.01479807
0.367113829,-0.483663976,1.975813627,-2.063384056,0.035824665,0.997832906,-0.053183015,-0.014753007
0.383742332,-0.483663976,1.975813627,-2.063384056,0.035824665,0.997832906,-0.053183015,-0.014753007
0.400401115,-0.482581317,1.978625298,-2.063339949,0.035936976,0.997865882,-0.052489152,-0.014734477
0.417094946,-0.482581317,1.978625298,-2.063339949,0.035936976,0.997865882,-0.052489152,-0.014734477
0.433740139,-0.481528193,1.98265779,-2.06350565,0.036117486,0.997838937,-0.052853357,-0.014815726
0.450468063,-0.481528193,1.98265779,-2.06350565,0.036117486,0.997838937,-0.052853357,-0.014815726
0.46705699,-0.479993045,1.987671494,-2.063277006,0.036215574,0.997897772,-0.051772025,-0.014426591
0.483712435,-0.479993045,1.987671494,-2.063277006,0.036215574,0.997897772,-0.051772025,-0.014426591
0.500406027,-0.477777481,1.994342804,-2.062221289,0.036394629,0.998011099,-0.049349752,-0.014624588
0.517104626,-0.477777481,1.994342804,-2.062221289,0.036394629,0.998011099,-0.049349752,-0.014624588
0.533717394,-0.474934161,2.003068924,-2.060118914,0.03558725,0.998203114,-0.046046199,-0.014277172
0.550611258,-0.474934161,2.003068924,-2.060118914,0.03558725,0.998203114,-0.046046199,-0.014277172
0.567054033,-0.472178519,2.010962486,-2.057410002,0.035286343,0.998490847,-0.039723521,-0.013890445
0.58402133,-0.472178519,2.010962486,-2.057410002,0.035286343,0.998490847,-0.039723521,-0.013890445
0.600360155,-0.467877269,2.020052671,-2.058974743,0.034972069,0.998715768,-0.033955778,-0.013812134
0.617077827,-0.467877269,2.020052671,-2.058974743,0.034972069,0.998715768,-0.033955778,-0.013812134
0.633647442,-0.463938564,2.031406403,-2.056678057,0.034491524,0.998924884,-0.028165242,-0.012889165
0.650421143,-0.463938564,2.031406403,-2.056678057,0.034491524,0.998924884,-0.028165242,-0.012889165
0.66706419,-0.459444433,2.044085026,-2.054258585,0.03408056,0.999070263,-0.022940709,-0.013070904
0.683719635,-0.459444433,2.044085026,-2.054258585,0.03408056,0.999070263,-0.022940709,-0.013070904
0.700393677,-0.454476297,2.057511568,-2.052406549,0.033737092,0.999143649,-0.019416607,-0.014027535
0.717039585,-0.454476297,2.057511568,-2.052406549,0.033737092,0.999143649,-0.019416607,-0.014027535
0.733703375,-0.443831414,2.066850662,-2.058018208,0.033361172,0.99921758,-0.015649523,-0.014364947
0.750597954,-0.443831414,2.066850662,-2.058018208,0.033361172,0.99921758,-0.015649523,-0.014364947
0.767054081,-0.435545057,2.079990149,-2.058276176,0.031793541,0.999355361,-0.010014344,-0.013332114
0.783801079,-0.435545057,2.079990149,-2.058276176,0.031793541,0.999355361,-0.010014344,-0.013332114
0.800391436,-0.42798841,2.095056534,-2.058250189,0.032780297,0.999351251,-0.006709517,-0.013323326
0.817085505,-0.42798841,2.095056534,-2.058250189,0.032780297,0.999351251,-0.006709517,-0.013323326
0.83368969,-0.420366317,2.110825062,-2.058263779,0.032583954,0.999365044,-0.001660228,-0.014319185
0.850404739,-0.420366317,2.110825062,-2.058263779,0.032583954,0.999365044,-0.001660228,-0.014319185
0.867152929,-0.427478194,2.131563663,-2.066353321,0.033756085,0.999345212,0.002446446,-0.012794093
0.884065151,-0.427478194,2.131563663,-2.066353321,0.033756085,0.999345212,0.002446446,-0.012794093
0.90034461,-0.421034753,2.148497343,-2.06709218,0.03572567,0.999202473,0.008123249,-0.015877897
0.916937113,-0.421034753,2.148497343,-2.06709218,0.03572567,0.999202473,0.008123249,-0.015877897
0.933610201,-0.416244149,2.16458559,-2.066841125,0.034413772,0.999236552,0.014908503,-0.010942656
0.95027709,-0.416244149,2.16458559,-2.066841125,0.034413772,0.999236552,0.014908503,-0.010942656
0.967190504,-0.410581172,2.180107117,-2.067310333,0.033291275,0.999207153,0.019703702,-0.00940858
0.983639956,-0.410581172,2.180107117,-2.067310333,0.033291275,0.999207153,0.019703702,-0.00940858
1.000622988,-0.406579643,2.194709778,-2.066709757,0.033842331,0.999008939,0.028087603,-0.006849969
1.016917944,-0.406579643,2.194709778,-2.066709757,0.033842331,0.999008939,0.028087603,-0.006849969
1.033629179,-0.4043082,2.209499836,-2.068319082,0.035125851,0.99874942,0.035463456,-0.00284864
1.050306797,-0.4043082,2.209499836,-2.068319082,0.035125851,0.99874942,0.035463456,-0.00284864
1.067007065,-0.401342809,2.222809553,-2.067715168,0.034807022,0.998517177,0.041835548,0.001305741
1.083673239,-0.401342809,2.222809553,-2.067715168,0.034807022,0.998517177,0.041835548,0.001305741
1.100314617,-0.398708373,2.235783577,-2.067661285,0.034640225,0.998359555,0.045332717,0.004816584
1.116976261,-0.398708373,2.235783577,-2.067661285,0.034640225,0.998359555,0.045332717,0.004816584
1.133622408,-0.396245956,2.247564316,-2.068140745,0.034917644,0.998275069,0.047020686,0.00408652
1.150325537,-0.396245956,2.247564316,-2.068140745,0.034917644,0.998275069,0.047020686,0.00408652
1.166951418,-0.394673228,2.258124113,-2.068441868,0.033569706,0.998208494,0.049329597,0.004412242
1.183945417,-0.394673228,2.258124113,-2.068441868,0.033569706,0.998208494,0.049329597,0.004412242
1.200500011,-0.393767864,2.26789999,-2.068797827,0.035445493,0.998161156,0.048744242,0.006474756
1.217222929,-0.393767864,2.26789999,-2.068797827,0.035445493,0.998161156,0.048744242,0.006474756
1.23397398,-0.389336288,2.277564526,-2.068025112,0.036087828,0.998246889,0.04669202,0.004546774
1.250595093,-0.389336288,2.277564526,-2.068025112,0.036087828,0.998246889,0.04669202,0.004546774
1.267169714,-0.387652636,2.284720182,-2.067825794,0.034256226,0.998300134,0.047150175,-0.000462626
1.283726692,-0.387652636,2.284720182,-2.067825794,0.034256226,0.998300134,0.047150175,-0.000462626
1.300386429,-0.384661764,2.291365623,-2.068623066,0.035056505,0.998105925,0.050042881,-0.007163355
1.317030668,-0.384661764,2.291365623,-2.068623066,0.035056505,0.998105925,0.050042881,-0.007163355
1.333792686,-0.382281303,2.296495914,-2.06908226,0.036348739,0.99763966,0.057010921,-0.011984701
1.350434065,-0.382281303,2.296495914,-2.06908226,0.036348739,0.99763966,0.057010921,-0.011984701
1.367007017,-0.380891234,2.299935579,-2.0684762,0.039706451,0.997255977,0.061679452,-0.009977941
1.384054661,-0.380891234,2.299935579,-2.0684762,0.039706451,0.997255977,0.061679452,-0.009977941
1.400345087,-0.379719436,2.302020788,-2.068676233,0.040304458,0.996996474,0.065655679,-0.007931841
1.417064667,-0.379719436,2.302020788,-2.068676233,0.040304458,0.996996474,0.065655679,-0.007931841
1.433750629,-0.379122794,2.30282712,-2.068770409,0.038539213,0.996862495,0.068622015,-0.008421071
1.450353146,-0.379122794,2.30282712,-2.068770409,0.038539213,0.996862495,0.068622015,-0.008421071
1.467004299,-0.378947526,2.303788424,-2.069676638,0.039260761,0.996801772,0.068881579,-0.010007403
1.483774185,-0.378947526,2.303788424,-2.069676638,0.039260761,0.996801772,0.068881579,-0.010007403
1.500328541,-0.379005998,2.304039717,-2.070011377,0.038230141,0.99677629,0.069868877,-0.009686297
1.517045021,-0.379005998,2.304039717,-2.070011377,0.038230141,0.99677629,0.069868877,-0.009686297
1.533802271,-0.378616691,2.304068565,-2.069176197,0.037589047,0.996684604,0.071455801,-0.01004646
1.550392866,-0.378616691,2.304068565,-2.069176197,0.037589047,0.996684604,0.071455801,-0.01004646
1.567015171,-0.378413528,2.304177284,-2.069345236,0.036493638,0.996569869,0.073574693,-0.010172236
1.583786964,-0.378413528,2.304177284,-2.069345236,0.036493638,0.996569869,0.073574693,-0.010172236
1.600327492,-0.378134221,2.304567337,-2.069526672,0.036537178,0.996328568,0.076645143,-0.010951726
1.617119551,-0.378134221,2.304567337,-2.069526672,0.036537178,0.996328568,0.076645143,-0.010951726
1.633788824,-0.378444314,2.30356431,-2.069349527,0.03683262,0.996239953,0.077665913,-0.01083142
1.65038538,-0.378444314,2.30356431,-2.069349527,0.03683262,0.996239953,0.077665913,-0.01083142
1.667003632,-0.378708601,2.304038286,-2.069160938,0.037115145,0.996193419,0.078204831,-0.010253909
1.683796883,-0.378708601,2.304038286,-2.069160938,0.037115145,0.996193419,0.078204831,-0.010253909
1.70033288,-0.37875551,2.303821325,-2.069146872,0.036655157,0.995973324,0.081098365,-0.010797776
1.717014074,-0.37875551,2.303821325,-2.069146872,0.036655157,0.995973324,0.081098365,-0.010797776
1.733693838,-0.378380567,2.303503752,-2.069130659,0.034927124,0.995594998,0.086257098,-0.01141964
1.75036931,-0.378380567,2.303503752,-2.069130659,0.034927124,0.995594998,0.086257098,-0.01141964
1.76724577,-0.378222167,2.302764654,-2.069016457,0.033169364,0.995252327,0.09079364,-0.011362832
1.783786297,-0.378222167,2.302764654,-2.069016457,0.033169364,0.995252327,0.09079364,-0.011362832
1.800366163,-0.377980262,2.301058769,-2.068601847,0.032500581,0.994699846,0.096779597,-0.012232641
1.817171574,-0.377980262,2.301058769,-2.068601847,0.032500581,0.994699846,0.096779597,-0.012232641
1.833912373,-0.377081156,2.298383474,-2.068392277,0.032308277,0.993589484,0.107574741,-0.012797977
1.850548983,-0.377081156,2.298383474,-2.068392277,0.032308277,0.993589484,0.107574741,-0.012797977
1.867083549,-0.375930578,2.294385672,-2.068009853,0.03085408,0.99243724,0.118182213,-0.012219419
1.883943558,-0.375930578,2.294385672,-2.068009853,0.03085408,0.99243724,0.118182213,-0.012219419
1.900337219,-0.373969108,2.290743589,-2.068004131,0.030874496,0.990842528,0.130759445,-0.013409617
1.917033434,-0.373969108,2.290743589,-2.068004131,0.030874496,0.990842528,0.130759445,-0.013409617
1.933883429,-0.371518016,2.286483049,-2.066950321,0.033197714,0.988635395,0.145678965,-0.016601392
1.950374842,-0.371518016,2.286483049,-2.066950321,0.033197714,0.988635395,0.145678965,-0.016601392
1.967130184,-0.368345708,2.280750275,-2.064744949,0.03639065,0.98581371,0.162932794,-0.017319171
1.98380661,-0.368345708,2.280750275,-2.064744949,0.03639065,0.98581371,0.162932794,-0.017319171
2.000311852,-0.364273995,2.273947716,-2.062196255,0.041058799,0.982078288,0.183091077,-0.017721976
2.017016649,-0.364273995,2.273947716,-2.062196255,0.041058799,0.982078288,0.183091077,-0.017721976
2.033761263,-0.359350443,2.266093731,-2.059310675,0.042149454,0.977849689,0.204412179,-0.015781931
2.050369263,-0.359350443,2.266093731,-2.059310675,0.042149454,0.977849689,0.204412179,-0.015781931
2.067186832,-0.352372468,2.257978916,-2.056056261,0.040717142,0.97164027,0.23214616,-0.019117034
2.083549738,-0.352372468,2.257978916,-2.056056261,0.040717142,0.97164027,0.23214616,-0.019117034
2.100180864,-0.345194548,2.249587059,-2.052413702,0.042438622,0.964236083,0.260897947,-0.019493589
2.116950035,-0.345194548,2.249587059,-2.052413702,0.042438622,0.964236083,0.260897947,-0.019493589
2.133502007,-0.336993009,2.24146533,-2.047021866,0.043091911,0.956097532,0.289386547,-0.01661395
2.150319576,-0.336993009,2.24146533,-2.047021866,0.043091911,0.956097532,0.289386547,-0.01661395
2.166845083,-0.327679515,2.232814312,-2.041649342,0.044200887,0.946637844,0.318654434,-0.019555715
2.183898926,-0.327679515,2.232814312,-2.041649342,0.044200887,0.946637844,0.318654434,-0.019555715
2.20011878,-0.318444848,2.224727631,-2.035654306,0.045716261,0.937079444,0.345532954,-0.019977895
2.216836452,-0.318444848,2.224727631,-2.035654306,0.045716261,0.937079444,0.345532954,-0.019977895
2.233537436,-0.308387965,2.217211246,-2.029081583,0.04758066,0.926597826,0.372215315,-0.024663939
2.250406981,-0.308387965,2.217211246,-2.029081583,0.04758066,0.926597826,0.372215315,-0.024663939
2.267175674,-0.298040122,2.210222483,-2.021752834,0.04841584,0.916845215,0.395320121,-0.02779857
2.283755541,-0.298040122,2.210222483,-2.021752834,0.04841584,0.916845215,0.395320121,-0.02779857
2.300468206,-0.28627944,2.204731703,-2.013504982,0.04963905,0.905227802,0.42107352,-0.028207839
2.317144394,-0.28627944,2.204731703,-2.013504982,0.04963905,0.905227802,0.42107352,-0.028207839
2.333846092,-0.27439788,2.199421883,-2.005502701,0.050318608,0.891400358,0.449248979,-0.032385082
2.350421429,-0.27439788,2.199421883,-2.005502701,0.050318608,0.891400358,0.449248979,-0.032385082
2.367028952,-0.260233164,2.193548918,-1.998552322,0.047763307,0.876239384,0.478195158,-0.035392066
2.383896828,-0.260233164,2.193548918,-1.998552322,0.047763307,0.876239384,0.478195158,-0.035392066
2.400472641,-0.247061491,2.188639164,-1.991349697,0.045055726,0.858295662,0.509869465,-0.036492004
2.417163372,-0.247061491,2.188639164,-1.991349697,0.045055726,0.858295662,0.509869465,-0.036492004
2.433595896,-0.233413726,2.185429096,-1.983141065,0.043094442,0.840416104,0.538800622,-0.03921137
2.450275183,-0.233413726,2.185429096,-1.983141065,0.043094442,0.840416104,0.538800622,-0.03921137
2.466982126,-0.219599709,2.182906151,-1.975502014,0.042162252,0.823194236,0.564551697,-0.043069429
2.483608007,-0.219599709,2.182906151,-1.975502014,0.042162252,0.823194236,0.564551697,-0.043069429
2.500214815,-0.206067368,2.180989742,-1.968078494,0.041224635,0.806285723,0.588072888,-0.048725157
2.51700139,-0.206067368,2.180989742,-1.968078494,0.041224635,0.806285723,0.588072888,-0.048725157
2.533629656,-0.190694034,2.180107594,-1.961800814,0.038688817,0.789286274,0.610387278,-0.054384969
2.550252438,-0.190694034,2.180107594,-1.961800814,0.038688817,0.789286274,0.610387278,-0.054384969
2.566942453,-0.176926464,2.178719282,-1.954595566,0.035906586,0.771645328,0.632303481,-0.058877093
2.583670139,-0.176926464,2.178719282,-1.954595566,0.035906586,0.771645328,0.632303481,-0.058877093
2.600296497,-0.163342088,2.178640366,-1.948796749,0.032972137,0.753381459,0.653648703,-0.06381683
2.616915703,-0.163342088,2.178640366,-1.948796749,0.032972137,0.753381459,0.653648703,-0.06381683
2.6335814,-0.149757579,2.179486275,-1.943879247,0.028311203,0.732103663,0.676991251,-0.070039619
2.650222778,-0.149757579,2.179486275,-1.943879247,0.028311203,0.732103663,0.676991251,-0.070039619
2.667186022,-0.13696675,2.180062771,-1.939391255,0.019091585,0.70934438,0.700717057,-0.073903094
2.683878899,-0.13696675,2.180062771,-1.939391255,0.019091585,0.70934438,0.700717057,-0.073903094
2.700503588,-0.124700412,2.181035519,-1.935336232,-0.011601871,-0.688024533,-0.721475363,0.077207116
2.716910839,-0.124700412,2.181035519,-1.935336232,-0.011601871,-0.688024533,-0.721475363,0.077207116
2.733765364,-0.109583065,2.182874441,-1.932654858,-0.003580793,-0.666997753,-0.740312514,0.08389611
2.750205517,-0.109583065,2.182874441,-1.932654858,-0.003580793,-0.666997753,-0.740312514,0.08389611
2.766865969,-0.097790487,2.18460083,-1.93009913,0.003206816,-0.645735011,-0.757916505,0.092620645
2.784014463,-0.097790487,2.18460083,-1.93009913,0.003206816,-0.645735011,-0.757916505,0.092620645
2.800633907,-0.086272515,2.186331987,-1.92862618,0.009670909,-0.628896117,-0.771037395,0.099486095
2.817296982,-0.086272515,2.186331987,-1.92862618,0.009670909,-0.628896117,-0.771037395,0.099486095
2.833783865,-0.074909709,2.188188553,-1.924312234,0.013998346,-0.612891614,-0.782594895,0.108227284
2.850171328,-0.074909709,2.188188553,-1.924312234,0.013998346,-0.612891614,-0.782594895,0.108227284
2.866816044,-0.065590896,2.190658331,-1.921674609,0.017639765,-0.5954151,-0.794816427,0.115916112
2.88348031,-0.065590896,2.190658331,-1.921674609,0.017639765,-0.5954151,-0.794816427,0.115916112
2.900122166,-0.057347488,2.192930937,-1.919753551,0.025222363,-0.579768587,-0.805503738,0.119983111
2.917258501,-0.057347488,2.192930937,-1.919753551,0.025222363,-0.579768587,-0.805503738,0.119983111
2.933954239,-0.051125549,2.195145845,-1.917667866,0.029459661,-0.565374403,-0.814871704,0.124370491
2.950651407,-0.051125549,2.195145845,-1.917667866,0.029459661,-0.565374403,-0.814871704,0.124370491
2.967321157,-0.04590781,2.197547913,-1.915375829,0.032175299,-0.552323553,-0.823052736,0.128404195
2.984229088,-0.04590781,2.197547913,-1.915375829,0.032175299,-0.552323553,-0.823052736,0.128404195
3.000707388,-0.04216655,2.199793577,-1.913732767,0.034658196,-0.544775245,-0.827517735,0.131275054
3.017239571,-0.04216655,2.199793577,-1.913732767,0.034658196,-0.544775245,-0.827517735,0.131275054
3.033784866,-0.039609261,2.200768948,-1.911667347,0.034136217,-0.540656176,-0.830019279,0.13264092
3.050414562,-0.039609261,2.200768948,-1.911667347,0.034136217,-0.540656176,-0.830019279,0.13264092
3.067064285,-0.038096275,2.201229811,-1.909887075,0.033371763,-0.538271377,-0.831486867,0.13334107
3.083806515,-0.038096275,2.201229811,-1.909887075,0.033371763,-0.538271377,-0.831486867,0.13334107
3.100385904,-0.037465911,2.201688051,-1.908597469,0.03250425,-0.535407266,-0.832981185,0.135738276
3.117036343,-0.037465911,2.201688051,-1.908597469,0.03250425,-0.535407266,-0.832981185,0.135738276
3.133755922,-0.03733236,2.201828957,-1.907678485,0.034178398,-0.532301543,-0.834437427,0.13856798
3.150463343,-0.03733236,2.201828957,-1.907678485,0.034178398,-0.532301543,-0.834437427,0.13856798
3.166977406,-0.032781463,2.203948259,-1.90870595,0.034939161,-0.529853097,-0.83542886,0.141751789
3.183803082,-0.032781463,2.203948259,-1.90870595,0.034939161,-0.529853097,-0.83542886,0.141751789
3.200424671,-0.032435544,2.204505444,-1.908459902,0.035664691,-0.527153505,-0.836825557,0.14338828
3.21714282,-0.032435544,2.204505444,-1.908459902,0.035664691,-0.527153505,-0.836825557,0.14338828
3.23367238,-0.03217604,2.205844164,-1.909532785,0.036569174,-0.52539975,-0.837691209,0.144538011
3.250452757,-0.03217604,2.205844164,-1.909532785,0.036569174,-0.52539975,-0.837691209,0.144538011
3.267006159,-0.031640392,2.206844091,-1.909489393,0.037953063,-0.524113796,-0.838305717,0.1452853
3.283791065,-0.031640392,2.206844091,-1.909489393,0.037953063,-0.524113796,-0.838305717,0.1452853
3.300335884,-0.031519994,2.207853317,-1.90967381,0.039648111,-0.520953779,-0.839692945,0.148158517
3.317010641,-0.031519994,2.207853317,-1.90967381,0.039648111,-0.520953779,-0.839692945,0.148158517
3.333756924,-0.031147439,2.209095478,-1.909865379,0.041387938,-0.519179206,-0.840173936,0.151154714
3.35035038,-0.031147439,2.209095478,-1.909865379,0.041387938,-0.519179206,-0.840173936,0.151154714
3.367141247,-0.030177362,2.210532188,-1.911095142,0.044552703,-0.517030152,-0.84073452,0.154467944
3.383697748,-0.030177362,2.210532188,-1.911095142,0.044552703,-0.517030152,-0.84073452,0.154467944
3.400519371,-0.029227819,2.211334705,-1.911962271,0.048376724,-0.515408422,-0.841017693,0.157172169
3.417117119,-0.029227819,2.211334705,-1.911962271,0.048376724,-0.515408422,-0.841017693,0.157172169
3.433981419,-0.02775961,2.212780952,-1.912063718,0.051354432,-0.512444073,-0.84152515,0.163092662
3.450598717,-0.02775961,2.212780952,-1.912063718,0.051354432,-0.512444073,-0.84152515,0.163092662
3.467340231,-0.026563877,2.213823318,-1.912392139,0.055013214,-0.509870497,-0.841148485,0.171682409
3.483925581,-0.026563877,2.213823318,-1.912392139,0.055013214,-0.509870497,-0.841148485,0.171682409
3.500510693,-0.025153041,2.214646339,-1.912518501,0.059684151,-0.507933523,-0.840304378,0.179805145
3.517249107,-0.025153041,2.214646339,-1.912518501,0.059684151,-0.507933523,-0.840304378,0.179805145
3.533978701,-0.023696527,2.215356827,-1.912301302,0.06492087,-0.506475413,-0.839084996,0.187628104
3.550426722,-0.023696527,2.215356827,-1.912301302,0.06492087,-0.506475413,-0.839084996,0.187628104
3.567041636,-0.022403145,2.217052221,-1.912703156,0.069523394,-0.504405463,-0.838171981,0.195472139
3.58368969,-0.022403145,2.217052221,-1.912703156,0.069523394,-0.504405463,-0.838171981,0.195472139
3.600373745,-0.021076564,2.218166113,-1.912565351,0.075995616,-0.502545345,-0.836735896,0.203828072
3.617083311,-0.021076564,2.218166113,-1.912565351,0.075995616,-0.502545345,-0.836735896,0.203828072
3.63368988,-0.019450888,2.219240904,-1.912874937,0.08234636,-0.500252722,-0.835136046,0.213340283
3.650377035,-0.019450888,2.219240904,-1.912874937,0.08234636,-0.500252722,-0.835136046,0.213340283
3.667016745,-0.017867265,2.22061491,-1.913194895,0.08866066,-0.497035931,-0.83367546,0.223785161
3.683642626,-0.017867265,2.22061491,-1.913194895,0.08866066,-0.497035931,-0.83367546,0.223785161
3.700312853,-0.016242256,2.221707106,-1.913174152,0.09448273,-0.494027357,-0.832221017,0.233277008
3.716967344,-0.016242256,2.221707106,-1.913174152,0.09448273,-0.494027357,-0.832221017,0.233277008
3.733669043,-0.014909496,2.22273159,-1.912912369,0.099001909,-0.491179542,-0.83105053,0.241446259
3.750404596,-0.014909496,2.22273159,-1.912912369,0.099001909,-0.491179542,-0.83105053,0.241446259
3.76697278,-0.013452481,2.224158287,-1.912317634,0.104207434,-0.487450936,-0.83018679,0.249644327
3.783910751,-0.013452481,2.224158287,-1.912317634,0.104207434,-0.487450936,-0.83018679,0.249644327
3.800329924,-0.012024634,2.225440264,-1.91145134,0.109170611,-0.484096357,-0.829375491,0.256649156
3.817136765,-0.012024634,2.225440264,-1.91145134,0.109170611,-0.484096357,-0.829375491,0.256649156
3.833678961,-0.010058306,2.226617575,-1.910319805,0.114223557,-0.481385238,-0.828228663,0.263170122
3.850353956,-0.010058306,2.226617575,-1.910319805,0.114223557,-0.481385238,-0.828228663,0.263170122
3.866978884,-0.00773854,2.227701902,-1.909021974,0.118673221,-0.477822624,-0.827450045,0.270053014
3.883760929,-0.00773854,2.227701902,-1.909021974,0.118673221,-0.477822624,-0.827450045,0.270053014
3.900287867,-0.005646389,2.229091406,-1.907220364,0.121199467,-0.473349733,-0.826817461,0.278610134
3.917005062,-0.005646389,2.229091406,-1.907220364,0.121199467,-0.473349733,-0.826817461,0.278610134
3.933728695,-0.003561807,2.229907036,-1.90537262,0.125064778,-0.469546949,-0.825688213,0.286571873
3.950385809,-0.003561807,2.229907036,-1.90537262,0.125064778,-0.469546949,-0.825688213,0.286571873
3.967001677,-0.002420175,2.231137514,-1.904275417,0.129881251,-0.466046657,-0.824132467,0.294511546
3.983714342,-0.002420175,2.231137514,-1.904275417,0.129881251,-0.466046657,-0.824132467,0.294511546
4.000329256,-0.00096941,2.231941223,-1.902416587,0.135051511,-0.460817072,-0.823183543,0.302948131
4.017004013,-0.00096941,2.231941223,-1.902416587,0.135051511,-0.460817072,-0.823183543,0.302948131
4.033679962,0.001231966,2.232838869,-1.901005983,0.14084771,-0.456247305,-0.822010727,0.310320294
4.050368071,0.001231966,2.232838869,-1.901005983,0.14084771,-0.456247305,-0.822010727,0.310320294
4.067011833,0.002535394,2.233349562,-1.899592161,0.146767682,-0.453005672,-0.820270413,0.31686205
4.083698273,0.002535394,2.233349562,-1.899592161,0.146767682,-0.453005672,-0.820270413,0.31686205
4.1003232,0.004216,2.234065294,-1.898661733,0.153441557,-0.449214172,-0.818382811,0.32390105
4.117022753,0.004216,2.234065294,-1.898661733,0.153441557,-0.449214172,-0.818382811,0.32390105
4.133699656,0.005693728,2.234439611,-1.897726178,0.159551093,-0.444772798,-0.816526175,0.331670939
4.150397062,0.005693728,2.234439611,-1.897726178,0.159551093,-0.444772798,-0.816526175,0.331670939
4.167187691,0.007242395,2.234646559,-1.897087097,0.164710266,-0.4414465,-0.81402103,0.339654647
4.183780432,0.007242395,2.234646559,-1.897087097,0.164710266,-0.4414465,-0.81402103,0.339654647
4.20036912,0.008550686,2.234610081,-1.896592259,0.168909755,-0.438783519,-0.811120011,0.347883381
4.217092037,0.008550686,2.234610081,-1.896592259,0.168909755,-0.438783519,-0.811120011,0.347883381
4.233611107,0.010011455,2.23484683,-1.896413445,0.171652916,-0.436872264,-0.808183784,0.355692103
4.250370026,0.010011455,2.23484683,-1.896413445,0.171652916,-0.436872264,-0.808183784,0.355692103
4.267126322,0.011169458,2.23496294,-1.895952821,0.174639197,-0.43452735,-0.80566847,0.362747086
4.28387475,0.011169458,2.23496294,-1.895952821,0.174639197,-0.43452735,-0.80566847,0.362747086
4.300476789,0.012012037,2.235409021,-1.895128489,0.178359597,-0.431919058,-0.803418101,0.368989344
4.317202806,0.012012037,2.235409021,-1.895128489,0.178359597,-0.431919058,-0.803418101,0.368989344
4.333805323,0.012895631,2.235974312,-1.894151211,0.184307869,-0.427628192,-0.801524301,0.375131355
4.350625038,0.012895631,2.235974312,-1.894151211,0.184307869,-0.427628192,-0.801524301,0.375131355
4.367170095,0.013833528,2.236900091,-1.892880797,0.188966329,-0.42359752,-0.799545667,0.381554184
4.383904696,0.013833528,2.236900091,-1.892880797,0.188966329,-0.42359752,-0.799545667,0.381554184
4.400464058,0.014976571,2.23791337,-1.891776443,0.191954619,-0.419441001,-0.797543504,0.388776324
4.417072058,0.014976571,2.23791337,-1.891776443,0.191954619,-0.419441001,-0.797543504,0.388776324
4.433672667,0.015945461,2.23913002,-1.890408039,0.195688443,-0.415685471,-0.795294468,0.395497575
4.450352192,0.015945461,2.23913002,-1.890408039,0.195688443,-0.415685471,-0.795294468,0.395497575
4.466959238,0.017706839,2.240170956,-1.888468266,0.198664643,-0.412426301,-0.793113521,0.401755957
4.483669758,0.017706839,2.240170956,-1.888468266,0.198664643,-0.412426301,-0.793113521,0.401755957
4.500329018,0.018875089,2.241367817,-1.886598468,0.201477724,-0.409596631,-0.790349377,0.408638214
4.517056704,0.018875089,2.241367817,-1.886598468,0.201477724,-0.409596631,-0.790349377,0.408638214
4.533654213,0.019702084,2.242407799,-1.885594726,0.20544721,-0.405205392,-0.787312473,0.41682023
4.550410032,0.019702084,2.242407799,-1.885594726,0.20544721,-0.405205392,-0.787312473,0.41682023
4.567108154,0.021059781,2.243059158,-1.884355187,0.208664695,-0.400986435,-0.78389895,0.425642291
4.583886623,0.021059781,2.243059158,-1.884355187,0.208664695,-0.400986435,-0.78389895,0.425642291
4.600332737,0.022616172,2.243515015,-1.883564115,0.211616341,-0.397681079,-0.779708712,0.434882292
4.616989851,0.022616172,2.243515015,-1.883564115,0.211616341,-0.397681079,-0.779708712,0.434882292
4.633633375,0.024306601,2.244300127,-1.883071303,0.21540723,-0.393515975,-0.775679968,0.443920589
4.650366068,0.024306601,2.244300127,-1.883071303,0.21540723,-0.393515975,-0.775679968,0.443920589
4.667027235,0.025829976,2.245218754,-1.882524848,0.218239074,-0.38931188,-0.771890477,0.452761591
4.683646202,0.025829976,2.245218754,-1.882524848,0.218239074,-0.38931188,-0.771890477,0.452761591
4.700313091,0.027365331,2.246431828,-1.882730722,0.220160872,-0.384845332,-0.768870809,0.460717853
4.716959953,0.027365331,2.246431828,-1.882730722,0.220160872,-0.384845332,-0.768870809,0.460717853
4.733657598,0.028982053,2.247618437,-1.882396579,0.222555198,-0.381078977,-0.766230254,0.467053738
4.75034976,0.028982053,2.247618437,-1.882396579,0.222555198,-0.381078977,-0.766230254,0.467053738
4.76700449,0.031049244,2.249145508,-1.88221097,0.22501347,-0.377079403,-0.764259251,0.472321775
4.783706427,0.031049244,2.249145508,-1.88221097,0.22501347,-0.377079403,-0.764259251,0.472321775
4.80035162,0.033023082,2.250706673,-1.882000208,0.227676005,-0.373531648,-0.762037022,0.477427818
4.817034483,0.033023082,2.250706673,-1.882000208,0.227676005,-0.373531648,-0.762037022,0.477427818
4.833676577,0.034658633,2.252422094,-1.882176757,0.229804673,-0.368090398,-0.75903269,0.485354146
4.85051322,0.034658633,2.252422094,-1.882176757,0.229804673,-0.368090398,-0.75903269,0.485354146
4.867077112,0.036188595,2.253850222,-1.881964684,0.231212523,-0.36281143,-0.755668104,0.493836362
4.883655548,0.036188595,2.253850222,-1.881964684,0.231212523,-0.36281143,-0.755668104,0.493836362
4.900333166,0.037989203,2.254858494,-1.882171512,0.233587226,-0.35792966,-0.751574553,0.502453039
4.917087793,0.037989203,2.254858494,-1.882171512,0.233587226,-0.35792966,-0.751574553,0.502453039
4.933660507,0.039538182,2.255734444,-1.882526517,0.235393981,-0.354561801,-0.746772355,0.511083802
4.950307131,0.039538182,2.255734444,-1.882526517,0.235393981,-0.354561801,-0.746772355,0.511083802
4.967319489,0.040919419,2.256422997,-1.882873654,0.237448976,-0.350980748,-0.74187072,0.519671371
4.983725786,0.040919419,2.256422997,-1.882873654,0.237448976,-0.350980748,-0.74187072,0.519671371
5.000583649,0.041977763,2.256679058,-1.883369684,0.240478799,-0.348610963,-0.737165451,0.526523923
5.016994715,0.041977763,2.256679058,-1.883369684,0.240478799,-0.348610963,-0.737165451,0.526523923
5.03377223,0.043344136,2.256943464,-1.883631349,0.242951684,-0.346774652,-0.73308704,0.532264231
5.050453901,0.043344136,2.256943464,-1.883631349,0.242951684,-0.346774652,-0.73308704,0.532264231
5.067013979,0.044502389,2.257456541,-1.883853436,0.244487397,-0.344069384,-0.729636484,0.53802674
5.083782434,0.044502389,2.257456541,-1.883853436,0.244487397,-0.344069384,-0.729636484,0.53802674
5.100425959,0.045691635,2.258020401,-1.883913279,0.247589391,-0.341873721,-0.725854411,0.543099647
5.116989851,0.045691635,2.258020401,-1.883913279,0.247589391,-0.341873721,-0.725854411,0.543099647
5.133754253,0.046891082,2.258862734,-1.883951545,0.252026082,-0.338828372,-0.722198209,0.547821079
5.150353193,0.046891082,2.258862734,-1.883951545,0.252026082,-0.338828372,-0.722198209,0.547821079
5.167106867,0.048148967,2.259759426,-1.883510828,0.255632591,-0.336125514,-0.719376558,0.551515172
5.183824539,0.048148967,2.259759426,-1.883510828,0.255632591,-0.336125514,-0.719376558,0.551515172
5.200450897,0.049180765,2.260797977,-1.883000851,0.257578169,-0.333382703,-0.716434477,0.556085515
5.216970444,0.049180765,2.260797977,-1.883000851,0.257578169,-0.333382703,-0.716434477,0.556085515
5.233752728,0.050412908,2.261784315,-1.882188559,0.260589802,-0.329536918,-0.712819493,0.561593042
5.250452757,0.050412908,2.261784315,-1.882188559,0.260589802,-0.329536918,-0.712819493,0.561593042
5.267000914,0.05169506,2.262734652,-1.881510615,0.263513366,-0.326441238,-0.709706992,0.565961845
5.283751488,0.05169506,2.262734652,-1.881510615,0.263513366,-0.326441238,-0.709706992,0.565961845
5.300342083,0.053056523,2.263801813,-1.880397558,0.265872419,-0.322979786,-0.707087985,0.570107443
5.317006826,0.053056523,2.263801813,-1.880397558,0.265872419,-0.322979786,-0.707087985,0.570107443
5.333668709,0.05425784,2.264905214,-1.879366159,0.266618669,-0.319046008,-0.7052759,0.574203826
5.350422621,0.05425784,2.264905214,-1.879366159,0.266618669,-0.319046008,-0.7052759,0.574203826
5.367013216,0.055229593,2.265651226,-1.878709555,0.267969751,-0.315766395,-0.703260303,0.577848374
5.384055138,0.055229593,2.265651226,-1.878709555,0.267969751,-0.315766395,-0.703260303,0.577848374
5.400299311,0.056321882,2.266455173,-1.878434181,0.270382043,-0.313253808,-0.700888642,0.58096533
5.41713953,0.056321882,2.266455173,-1.878434181,0.270382043,-0.313253808,-0.700888642,0.58096533
5.433651209,0.056993775,2.266853809,-1.87855041,0.272316457,-0.309897818,-0.698116403,0.585184225
5.450462818,0.056993775,2.266853809,-1.87855041,0.272316457,-0.309897818,-0.698116403,0.585184225
5.467022896,0.057844497,2.267093182,-1.878916621,0.274693732,-0.306186906,-0.695310548,0.589352334
5.483940125,0.057844497,2.267093182,-1.878916621,0.274693732,-0.306186906,-0.695310548,0.589352334
5.500296831,0.059221238,2.2670753,-1.8792485,0.277776175,-0.304495858,-0.691404114,0.59336584
5.517120123,0.059221238,2.2670753,-1.8792485,0.277776175,-0.304495858,-0.691404114,0.59336584
5.533761978,0.060666423,2.26712513,-1.879564643,0.278460064,-0.302921789,-0.688533662,0.597176506
5.550506592,0.060666423,2.26712513,-1.879564643,0.278460064,-0.302921789,-0.688533662,0.597176506
5.567082882,0.062235549,2.267564774,-1.880085349,0.278384241,-0.302159865,-0.685878701,0.60064302
5.58375144,0.062235549,2.267564774,-1.880085349,0.278384241,-0.302159865,-0.685878701,0.60064302
5.600338221,0.063134983,2.26864171,-1.880825043,0.279357563,-0.299713924,-0.683335596,0.604304044
5.617136002,0.063134983,2.26864171,-1.880825043,0.279357563,-0.299713924,-0.683335596,0.604304044
5.63367939,0.064108327,2.269436836,-1.88131249,0.282637357,-0.296892254,-0.679463204,0.608523515
5.650372505,0.064108327,2.269436836,-1.88131249,0.282637357,-0.296892254,-0.679463204,0.608523515
5.667101383,0.064998873,2.270095348,-1.882035136,0.285299181,-0.292555626,-0.675976549,0.613246515
5.683692217,0.064998873,2.270095348,-1.882035136,0.285299181,-0.292555626,-0.675976549,0.613246515
5.700350761,0.065903544,2.271209717,-1.882386446,0.287962694,-0.289423935,-0.672515303,0.617279872
5.717092752,0.065903544,2.271209717,-1.882386446,0.287962694,-0.289423935,-0.672515303,0.617279872
5.733675241,0.066808157,2.272262812,-1.882247448,0.289811971,-0.286251538,-0.669490006,0.621170034
5.750356436,0.066808157,2.272262812,-1.882247448,0.289811971,-0.286251538,-0.669490006,0.621170034
5.767192602,0.067781463,2.273165941,-1.881989598,0.290386094,-0.283581794,-0.666916424,0.624883802
5.783764601,0.067781463,2.273165941,-1.881989598,0.290386094,-0.283581794,-0.666916424,0.624883802
5.8004601,0.068502016,2.274006844,-1.881899238,0.290657767,-0.282019154,-0.664363355,0.628175605
5.817026615,0.068502016,2.274006844,-1.881899238,0.290657767,-0.282019154,-0.664363355,0.628175605
5.833788157,0.068862215,2.274730206,-1.881757498,0.290765456,-0.279984195,-0.661989024,0.631533714
5.850393057,0.068862215,2.274730206,-1.881757498,0.290765456,-0.279984195,-0.661989024,0.631533714
5.867024422,0.069530442,2.27504611,-1.881856441,0.291016052,-0.27744045,-0.660720792,0.633864724
5.883742332,0.069530442,2.27504611,-1.881856441,0.291016052,-0.27744045,-0.660720792,0.633864724
5.900399923,0.070475563,2.275480509,-1.88188386,0.292426878,-0.277059118,-0.659188543,0.63497656
5.917058229,0.070475563,2.275480509,-1.88188386,0.292426878,-0.277059118,-0.659188543,0.63497656
5.933748484,0.070879877,2.275673866,-1.881889582,0.294174779,-0.276203115,-0.657527902,0.636262601
5.950592756,0.070879877,2.275673866,-1.881889582,0.294174779,-0.276203115,-0.657527902,0.636262601
5.966979265,0.071401685,2.275723696,-1.881799579,0.294631623,-0.27553794,-0.656317244,0.637588211
5.983542681,0.071401685,2.275723696,-1.881799579,0.294631623,-0.27553794,-0.656317244,0.637588211
6.000169754,0.072187342,2.276062489,-1.881680727,0.294467242,-0.275324425,-0.655134855,0.638970911
6.016838551,0.072187342,2.276062489,-1.881680727,0.294467242,-0.275324425,-0.655134855,0.638970911
6.033508062,0.072883271,2.276336193,-1.881420016,0.294669145,-0.274283878,-0.653814909,0.640675046
6.050251007,0.072883271,2.276336193,-1.881420016,0.294669145,-0.274283878,-0.653814909,0.640675046
6.066977024,0.072975762,2.27692008,-1.88162446,0.294538239,-0.272997216,-0.652726575,0.64239222
6.08361268,0.072975762,2.27692008,-1.88162446,0.294538239,-0.272997216,-0.652726575,0.64239222
6.100248098,0.073062807,2.277383327,-1.881573915,0.295671667,-0.270412375,-0.651121888,0.644589559
6.116936684,0.073062807,2.277383327,-1.881573915,0.295671667,-0.270412375,-0.651121888,0.644589559
6.133600235,0.073108003,2.277951002,-1.881719589,0.298529374,-0.268926893,-0.648858084,0.646174687
6.15034008,0.073108003,2.277951002,-1.881719589,0.298529374,-0.268926893,-0.648858084,0.646174687
6.166958094,0.073296539,2.278325796,-1.881814718,0.29961436,-0.267497661,-0.647391988,0.647734398
6.18375659,0.073296539,2.278325796,-1.881814718,0.29961436,-0.267497661,-0.647391988,0.647734398
6.200236082,0.073236987,2.278887749,-1.882172227,0.299919083,-0.26592089,-0.645736611,0.649891416
6.216955662,0.073236987,2.278887749,-1.882172227,0.299919083,-0.26592089,-0.645736611,0.649891416
6.23361063,0.073303916,2.279049158,-1.882417083,0.300644177,-0.264725206,-0.643918049,0.651845987
6.250266075,0.073303916,2.279049158,-1.882417083,0.300644177,-0.264725206,-0.643918049,0.651845987
6.266936064,0.073582061,2.279271126,-1.882629156,0.301196012,-0.263645915,-0.642227895,0.653693449
6.283680439,0.073582061,2.279271126,-1.882629156,0.301196012,-0.263645915,-0.642227895,0.653693449
6.300266981,0.073974729,2.280092716,-1.882687092,0.300428418,-0.262725276,-0.641785426,0.65485087
6.316952705,0.073974729,2.280092716,-1.882687092,0.300428418,-0.262725276,-0.641785426,0.65485087
6.333582878,0.074454442,2.280603647,-1.882591128,0.298827844,-0.264034097,-0.643126844,0.653739839
6.350303173,0.074454442,2.280603647,-1.882591128,0.298827844,-0.264034097,-0.643126844,0.653739839
6.367009878,0.075187087,2.281290531,-1.882579684,0.29795965,-0.264879174,-0.644069066,0.652866072
6.383643866,0.075187087,2.281290531,-1.882579684,0.29795965,-0.264879174,-0.644069066,0.652866072
6.40032649,0.075083517,2.28180027,-1.88328886,0.298300823,-0.264646014,-0.643766417,0.653103289
6.417092323,0.075083517,2.28180027,-1.88328886,0.298300823,-0.264646014,-0.643766417,0.653103289
6.433626652,0.074854434,2.282055616,-1.883934259,0.299559256,-0.262884841,-0.642785167,0.654204128
6.450280905,0.074854434,2.282055616,-1.883934259,0.299559256,-0.262884841,-0.642785167,0.654204128
6.466870308,0.074688286,2.281634808,-1.884518981,0.301930629,-0.261473913,-0.641293615,0.65514257
6.483602524,0.074688286,2.281634808,-1.884518981,0.301930629,-0.261473913,-0.641293615,0.65514257
6.500232458,0.074630804,2.281444788,-1.885303378,0.303317341,-0.260357557,-0.640513454,0.655709576
6.516931534,0.074630804,2.281444788,-1.885303378,0.303317341,-0.260357557,-0.640513454,0.655709576
6.533648729,0.074174024,2.281296015,-1.886314631,0.303124362,-0.261211109,-0.640276362,0.655690902
6.550290823,0.074174024,2.281296015,-1.886314631,0.303124362,-0.261211109,-0.640276362,0.655690902
6.567084551,0.073672168,2.281182766,-1.887243271,0.302547901,-0.26074939,-0.640880148,0.655551035
6.583563089,0.073672168,2.281182766,-1.887243271,0.302547901,-0.26074939,-0.640880148,0.655551035
6.600704432,0.073509894,2.2811203,-1.887901783,0.303847408,-0.260985613,-0.640344724,0.655379201
6.617054462,0.073509894,2.2811203,-1.887901783,0.303847408,-0.260985613,-0.640344724,0.655379201
6.633723497,0.073195733,2.281103611,-1.888368845,0.305225315,-0.260544551,-0.640294145,0.654963703
6.650410175,0.073195733,2.281103611,-1.888368845,0.305225315,-0.260544551,-0.640294145,0.654963703
6.666956663,0.07302627,2.280977726,-1.888336539,0.306404098,-0.261629548,-0.640461567,0.653816098
6.683900356,0.07302627,2.280977726,-1.888336539,0.306404098,-0.261629548,-0.640461567,0.653816098
6.700526953,0.072950609,2.281103373,-1.888087988,0.306262681,-0.261029484,-0.640511918,0.654072826
6.71741581,0.072950609,2.281103373,-1.888087988,0.306262681,-0.261029484,-0.640511918,0.654072826
6.734011889,0.073092736,2.280989885,-1.887786627,0.30670468,-0.26083548,-0.640133671,0.654313362
6.75079608,0.073092736,2.280989885,-1.887786627,0.30670468,-0.26083548,-0.640133671,0.654313362
6.767239809,0.073599309,2.281323671,-1.88707304,0.306326547,-0.261307741,-0.639911439,0.654519412
6.783622026,0.073599309,2.281323671,-1.88707304,0.306326547,-0.261307741,-0.639911439,0.654519412
6.800266504,0.073408805,2.281485558,-1.88695538,0.30564578,-0.260708932,-0.64003573,0.654954788
6.816977978,0.073408805,2.281485558,-1.88695538,0.30564578,-0.260708932,-0.64003573,0.654954788
6.833549261,0.073261254,2.281340361,-1.886583447,0.305986384,-0.260709137,-0.638915101,0.655889146
6.850360632,0.073261254,2.281340361,-1.886583447,0.305986384,-0.260709137,-0.638915101,0.655889146
6.86699605,0.07309597,2.281202078,-1.886049032,0.30618214,-0.259808327,-0.638285389,0.656767761
6.88368845,0.07309597,2.281202078,-1.886049032,0.30618214,-0.259808327,-0.638285389,0.656767761
6.900355101,0.073563851,2.281485081,-1.885271788,0.30589337,-0.260324294,-0.638385933,0.656600266
6.91706872,0.073563851,2.281485081,-1.885271788,0.30589337,-0.260324294,-0.638385933,0.656600266
6.933573961,0.073588863,2.281671762,-1.884684324,0.304876677,-0.261203975,-0.638961869,0.656163414
6.950386524,0.073588863,2.281671762,-1.884684324,0.304876677,-0.261203975,-0.638961869,0.656163414
6.966894388,0.073068909,2.281713724,-1.884587884,0.30503168,-0.261518053,-0.639472419,0.65546854
6.983654022,0.073068909,2.281713724,-1.884587884,0.30503168,-0.261518053,-0.639472419,0.65546854
7.00055933,0.072905369,2.28138423,-1.884561062,0.305691337,-0.2623398,-0.638854346,0.655435551
7.017506361,0.072905369,2.28138423,-1.884561062,0.305691337,-0.2623398,-0.638854346,0.655435551
7.033893108,0.072637334,2.281201124,-1.884630322,0.30496953,-0.261800916,-0.63933126,0.655522239
7.050731897,0.072637334,2.281201124,-1.884630322,0.30496953,-0.261800916,-0.63933126,0.655522239
7.067113876,0.072471611,2.281119108,-1.884593725,0.305384545,-0.262471813,-0.639794477,0.654608169
7.083694696,0.072471611,2.281119108,-1.884593725,0.305384545,-0.262471813,-0.639794477,0.654608169
7.100381851,0.071968354,2.280785561,-1.884857416,0.306034227,-0.262901539,-0.639377282,0.654539934
7.116989851,0.071968354,2.280785561,-1.884857416,0.306034227,-0.262901539,-0.639377282,0.654539934
7.133745432,0.071628265,2.280546427,-1.88499248,0.305606897,-0.262721378,-0.639855411,0.654344676
7.150327682,0.071628265,2.280546427,-1.88499248,0.305606897,-0.262721378,-0.639855411,0.654344676
7.166999578,0.07143303,2.280550957,-1.884761572,0.304830819,-0.265674665,-0.641246397,0.652148911
7.18378377,0.07143303,2.280550957,-1.884761572,0.304830819,-0.265674665,-0.641246397,0.652148911
7.200187445,0.071194239,2.280192137,-1.884275198,0.302399803,-0.268837087,-0.644353778,0.648913853
7.216923714,0.071194239,2.280192137,-1.884275198,0.302399803,-0.268837087,-0.644353778,0.648913853
7.233562946,0.070756078,2.279551506,-1.883936763,0.300027495,-0.272698039,-0.647460377,0.645301745
7.250226498,0.070756078,2.279551506,-1.883936763,0.300027495,-0.272698039,-0.647460377,0.645301745
7.266897202,0.069947116,2.27884078,-1.883696795,0.297828385,-0.275903333,-0.649970712,0.642427955
7.283614159,0.069947116,2.27884078,-1.883696795,0.297828385,-0.275903333,-0.649970712,0.642427955
7.300641298,0.069105037,2.278377533,-1.883364558,0.294451842,-0.2793286,-0.653819772,0.638586997
7.317377329,0.069105037,2.278377533,-1.883364558,0.294451842,-0.2793286,-0.653819772,0.638586997
7.333982706,0.067785867,2.277500391,-1.883069754,0.291723852,-0.284803864,-0.657980765,0.63312342
7.350613356,0.067785867,2.277500391,-1.883069754,0.291723852,-0.284803864,-0.657980765,0.63312342
7.367389917,0.066384874,2.276744127,-1.882655859,0.289057831,-0.290823045,-0.662606098,0.626754088
7.383769274,0.066384874,2.276744127,-1.882655859,0.289057831,-0.290823045,-0.662606098,0.626754088
7.400627375,0.064443968,2.275942802,-1.88248837,0.285456798,-0.296731575,-0.668237922,0.619615097
7.417122364,0.064443968,2.275942802,-1.88248837,0.285456798,-0.296731575,-0.668237922,0.619615097
7.43362999,0.062618271,2.275278568,-1.882132888,0.28146074,-0.303914524,-0.674551552,0.611061386
7.45034337,0.062618271,2.275278568,-1.882132888,0.28146074,-0.303914524,-0.674551552,0.611061386
7.467036724,0.060277831,2.274533987,-1.882004499,0.277405373,-0.310145644,-0.681308514,0.602224748
7.4836936,0.060277831,2.274533987,-1.882004499,0.277405373,-0.310145644,-0.681308514,0.602224748
7.500311852,0.058047608,2.27344203,-1.881556749,0.27480571,-0.317046565,-0.687274099,0.592973533
7.517029047,0.058047608,2.27344203,-1.881556749,0.27480571,-0.317046565,-0.687274099,0.592973533
7.533725977,0.055726055,2.272542238,-1.881614089,0.272040324,-0.323049275,-0.692712425,0.584621865
7.550474644,0.055726055,2.272542238,-1.881614089,0.272040324,-0.323049275,-0.692712425,0.584621865
7.567330122,0.053310186,2.271696329,-1.881223083,0.266810609,-0.329480411,-0.699074904,0.575802949
7.583780289,0.053310186,2.271696329,-1.881223083,0.266810609,-0.329480411,-0.699074904,0.575802949
7.600399971,0.050594065,2.270866156,-1.880141735,0.260988345,-0.33807188,-0.705897395,0.565067567
7.617201328,0.050594065,2.270866156,-1.880141735,0.260988345,-0.33807188,-0.705897395,0.565067567
7.633862257,0.048090953,2.269928217,-1.878742814,0.254289625,-0.346052351,-0.713777133,0.553269158
7.650488615,0.048090953,2.269928217,-1.878742814,0.254289625,-0.346052351,-0.713777133,0.553269158
7.66730094,0.045746438,2.268700361,-1.877056718,0.248635918,-0.356015626,-0.721426558,0.539422633
7.683849335,0.045746438,2.268700361,-1.877056718,0.248635918,-0.356015626,-0.721426558,0.539422633
7.700273514,0.042821236,2.267176628,-1.875213146,0.239403881,-0.36663393,-0.729947421,0.524825786
7.716998577,0.042821236,2.267176628,-1.875213146,0.239403881,-0.36663393,-0.729947421,0.524825786
7.73374486,0.040134788,2.26636529,-1.873030782,0.229240422,-0.375962007,-0.739413182,0.509283364
7.75048089,0.040134788,2.26636529,-1.873030782,0.229240422,-0.375962007,-0.739413182,0.509283364
7.766979218,0.037199058,2.265261173,-1.870694757,0.221670488,-0.387719597,-0.74674337,0.492859055
7.783885956,0.037199058,2.265261173,-1.870694757,0.221670488,-0.387719597,-0.74674337,0.492859055
7.800303221,0.034125891,2.264075756,-1.868978977,0.213159226,-0.396222949,-0.75382601,0.478870405
7.81716013,0.034125891,2.264075756,-1.868978977,0.213159226,-0.396222949,-0.75382601,0.478870405
7.833628893,0.030839693,2.262987137,-1.867893219,0.205283998,-0.405121132,-0.760415949,0.464222934
7.850354195,0.030839693,2.262987137,-1.867893219,0.205283998,-0.405121132,-0.760415949,0.464222934
7.866997719,0.027064733,2.261919022,-1.867455363,0.196633537,-0.4145956,-0.766379289,0.449564819
7.883668184,0.027064733,2.261919022,-1.867455363,0.196633537,-0.4145956,-0.766379289,0.449564819
7.900337934,0.023438504,2.261124134,-1.867856264,0.186560997,-0.423111664,-0.771699241,0.436636915
7.917133808,0.023438504,2.261124134,-1.867856264,0.186560997,-0.423111664,-0.771699241,0.436636915
7.933647156,0.019662574,2.259939194,-1.86888051,0.179796032,-0.431744451,-0.776027468,0.423144756
7.950335026,0.019662574,2.259939194,-1.86888051,0.179796032,-0.431744451,-0.776027468,0.423144756
7.966973066,0.015662439,2.257936001,-1.870265007,0.173898549,-0.439311423,-0.780684218,0.409019462
7.983645439,0.015662439,2.257936001,-1.870265007,0.173898549,-0.439311423,-0.780684218,0.409019462
8.000281572,0.011166647,2.256649733,-1.872057676,0.166294555,-0.447260157,-0.784647069,0.39576944
8.017110586,0.011166647,2.256649733,-1.872057676,0.166294555,-0.447260157,-0.784647069,0.39576944
8.033631802,0.007653754,2.255711794,-1.874034286,0.157251545,-0.456349745,-0.788580296,0.380996036
8.050320625,0.007653754,2.255711794,-1.874034286,0.157251545,-0.456349745,-0.788580296,0.380996036
8.066993713,0.004333403,2.254123688,-1.875551701,0.147492669,-0.468754298,-0.792097726,0.362072526
8.083660364,0.004333403,2.254123688,-1.875551701,0.147492669,-0.468754298,-0.792097726,0.362072526
8.100311756,0.000524302,2.252482414,-1.878186822,0.136879192,-0.481338947,-0.794173901,0.344767632
8.117052555,0.000524302,2.252482414,-1.878186822,0.136879192,-0.481338947,-0.794173901,0.344767632
8.133795738,-0.003430253,2.250785351,-1.880751729,0.123377494,-0.494497462,-0.795651011,0.327398415
8.150489807,-0.003430253,2.250785351,-1.880751729,0.123377494,-0.494497462,-0.795651011,0.327398415
8.16728425,-0.006919252,2.248981237,-1.883783937,0.111981813,-0.50934219,-0.7960253,0.307204051
8.183785439,-0.006919252,2.248981237,-1.883783937,0.111981813,-0.50934219,-0.7960253,0.307204051
8.20043993,-0.010989804,2.247279167,-1.887254477,0.101372913,-0.522480751,-0.796330111,0.287394765
8.217034578,-0.010989804,2.247279167,-1.887254477,0.101372913,-0.522480751,-0.796330111,0.287394765
8.23365593,-0.015249428,2.244759083,-1.89083755,0.091500552,-0.531873553,-0.797346418,0.2701423
8.250355959,-0.015249428,2.244759083,-1.89083755,0.091500552,-0.531873553,-0.797346418,0.2701423
8.267141342,-0.01943687,2.243209839,-1.894372702,0.080399865,-0.542332874,-0.7967487,0.254170072
8.284019709,-0.01943687,2.243209839,-1.894372702,0.080399865,-0.542332874,-0.7967487,0.254170072
8.300697803,-0.023355393,2.241161585,-1.897626638,0.070313432,-0.553386272,-0.794559981,0.239779258
8.317320824,-0.023355393,2.241161585,-1.897626638,0.070313432,-0.553386272,-0.794559981,0.239779258
8.33383584,-0.02724459,2.239772558,-1.900278807,0.05991092,-0.564177108,-0.792332074,0.2243318
8.350751162,-0.02724459,2.239772558,-1.900278807,0.05991092,-0.564177108,-0.792332074,0.2243318
8.367085695,-0.031372812,2.23783803,-1.902572393,0.049001813,-0.573678953,-0.790812822,0.207620717
8.383572817,-0.031372812,2.23783803,-1.902572393,0.049001813,-0.573678953,-0.790812822,0.207620717
8.40023303,-0.035057809,2.236279249,-1.904626489,0.039722883,-0.583704883,-0.788712751,0.188793271
8.416913509,-0.035057809,2.236279249,-1.904626489,0.039722883,-0.583704883,-0.788712751,0.188793271
8.433557749,-0.038765013,2.235299826,-1.906751275,0.032847395,-0.593736837,-0.785836629,0.16987763
8.45025897,-0.038765013,2.235299826,-1.906751275,0.032847395,-0.593736837,-0.785836629,0.16987763
8.466897964,-0.042727683,2.235186338,-1.909351349,0.027380962,-0.598149561,-0.785541282,0.156180282
8.483585596,-0.042727683,2.235186338,-1.909351349,0.027380962,-0.598149561,-0.785541282,0.156180282
8.500613928,-0.046990294,2.235341787,-1.911586642,0.019667275,-0.601156098,-0.785532719,0.145474708
8.517222404,-0.046990294,2.235341787,-1.911586642,0.019667275,-0.601156098,-0.785532719,0.145474708
8.533794641,-0.050490744,2.233786106,-1.913669944,0.014640231,-0.607241937,-0.783547938,0.130749844
8.550365925,-0.050490744,2.233786106,-1.913669944,0.014640231,-0.607241937,-0.783547938,0.130749844
8.566873789,-0.054154489,2.233244658,-1.915770888,0.011537365,-0.61300663,-0.781827883,0.113291314
8.583703279,-0.054154489,2.233244658,-1.915770888,0.011537365,-0.61300663,-0.781827883,0.113291314
8.60026598,-0.057306882,2.232326984,-1.91806376,0.005977636,-0.618494704,-0.780025155,0.094812062
8.616935968,-0.057306882,2.232326984,-1.91806376,0.005977636,-0.618494704,-0.780025155,0.094812062
8.633566618,-0.061208695,2.231733799,-1.919710279,-0.005161458,-0.624591723,-0.776848768,0.079778004
8.650339603,-0.061208695,2.231733799,-1.919710279,-0.005161458,-0.624591723,-0.776848768,0.079778004
8.666984797,-0.064477861,2.230144739,-1.92107451,-0.017815107,-0.634548875,-0.770041289,0.06377115
8.683653116,-0.064477861,2.230144739,-1.92107451,-0.017815107,-0.634548875,-0.770041289,0.06377115
8.700424433,-0.068579219,2.228190184,-1.922945857,-0.025348637,-0.645290097,-0.762197973,0.044859627
8.716980457,-0.068579219,2.228190184,-1.922945857,-0.025348637,-0.645290097,-0.762197973,0.044859627
8.733622313,-0.071078874,2.226230383,-1.92570138,-0.034557936,-0.652632541,-0.756289651,0.030041286
8.750355959,-0.071078874,2.226230383,-1.92570138,-0.034557936,-0.652632541,-0.756289651,0.030041286
8.766942263,-0.073585816,2.224981308,-1.928010702,-0.042147684,-0.658181544,-0.751430855,0.019295013
8.783652782,-0.073585816,2.224981308,-1.928010702,-0.042147684,-0.658181544,-0.751430855,0.019295013
8.800312757,-0.074542984,2.22367835,-1.930658937,-0.043680256,-0.662662017,-0.747527584,0.013175645
8.817100286,-0.074542984,2.22367835,-1.930658937,-0.043680256,-0.662662017,-0.747527584,0.013175645
8.833586454,-0.074999787,2.223649502,-1.933749318,0.043672172,0.664570093,0.745820825,-0.013806921
8.850343943,-0.074999787,2.223649502,-1.933749318,0.043672172,0.664570093,0.745820825,-0.013806921
8.866990089,-0.074548893,2.223417044,-1.936891913,0.041470275,0.66630263,0.744344914,-0.016482414
8.883672714,-0.074548893,2.223417044,-1.936891913,0.041470275,0.66630263,0.744344914,-0.016482414
8.900294781,-0.074201569,2.223506689,-1.939926147,-0.038599414,-0.667721277,-0.743180864,0.018454944
8.917000532,-0.074201569,2.223506689,-1.939926147,-0.038599414,-0.667721277,-0.743180864,0.018454944
8.933750868,-0.072209381,2.223870277,-1.94149518,-0.036616341,-0.669169371,-0.741927013,0.020393721
8.950419188,-0.072209381,2.223870277,-1.94149518,-0.036616341,-0.669169371,-0.741927013,0.020393721
8.967085838,-0.071601115,2.22424531,-1.944106817,-0.035794895,-0.669518705,-0.741591186,0.022493154
8.983703136,-0.071601115,2.22424531,-1.944106817,-0.035794895,-0.669518705,-0.741591186,0.022493154
9.000331163,-0.070975199,2.224087,-1.946226239,-0.033539435,-0.66939296,-0.741818388,0.022218235
9.016994953,-0.070975199,2.224087,-1.946226239,-0.033539435,-0.66939296,-0.741818388,0.022218235
9.033584356,-0.071018808,2.223907471,-1.947844505,-0.031795672,-0.670570852,-0.740914753,0.019211895
9.050356865,-0.071018808,2.223907471,-1.947844505,-0.031795672,-0.670570852,-0.740914753,0.019211895
9.066918135,-0.070951976,2.224248886,-1.949538112,-0.031749149,-0.671235753,-0.740349549,0.017807308
9.083566904,-0.070951976,2.224248886,-1.949538112,-0.031749149,-0.671235753,-0.740349549,0.017807308
9.100239992,-0.071732342,2.223687887,-1.950728655,-0.032239678,-0.673760193,-0.738075911,0.015866771
9.116933107,-0.071732342,2.223687887,-1.950728655,-0.032239678,-0.673760193,-0.738075911,0.015866771
9.133557081,-0.074203633,2.222818375,-1.952540159,0.03287774,0.679629351,0.73269706,-0.013342368
9.150231361,-0.074203633,2.222818375,-1.952540159,0.03287774,0.679629351,0.73269706,-0.013342368
9.167055368,-0.077212386,2.220938206,-1.954569578,0.033761455,0.685839427,0.726881842,-0.011279707
9.183814287,-0.077212386,2.220938206,-1.954569578,0.033761455,0.685839427,0.726881842,-0.011279707
9.200195551,-0.081871487,2.219635725,-1.957315683,0.035678211,0.69462476,0.718438654,-0.008331164
9.216802359,-0.081871487,2.219635725,-1.957315683,0.035678211,0.69462476,0.718438654,-0.008331164
9.233426809,-0.087850988,2.217691422,-1.960879087,0.037616828,0.705825508,0.707369044,-0.004935875
9.250114918,-0.087850988,2.217691422,-1.960879087,0.037616828,0.705825508,0.707369044,-0.004935875
9.266793013,-0.096140936,2.215974808,-1.965334058,0.037710191,0.718303589,0.694706669,-0.000734565
9.28348875,-0.096140936,2.215974808,-1.965334058,0.037710191,0.718303589,0.694706669,-0.000734565
9.300118446,-0.105522603,2.215045691,-1.970612407,0.037925882,0.731951862,0.680286048,0.004357997
9.316844225,-0.105522603,2.215045691,-1.970612407,0.037925882,0.731951862,0.680286048,0.004357997
9.333563328,-0.11633832,2.213582277,-1.977121592,0.038665653,0.74523035,0.665630574,0.008522368
9.350429535,-0.11633832,2.213582277,-1.977121592,0.038665653,0.74523035,0.665630574,0.008522368
9.36702919,-0.12793836,2.211938381,-1.984050155,0.038183785,0.759082346,0.649790723,0.010392594
9.383765936,-0.12793836,2.211938381,-1.984050155,0.038183785,0.759082346,0.649790723,0.010392594
9.400238037,-0.141701251,2.210346699,-1.991456747,0.035610355,0.774754685,0.631125236,0.012962136
9.417124987,-0.141701251,2.210346699,-1.991456747,0.035610355,0.774754685,0.631125236,0.012962136
9.433568954,-0.156654567,2.208698034,-1.998620272,0.034709008,0.790120768,0.611791788,0.014671893
9.450485945,-0.156654567,2.208698034,-1.998620272,0.034709008,0.790120768,0.611791788,0.014671893
9.466970921,-0.173079059,2.206928015,-2.005630732,0.034095552,0.806790821,0.589573887,0.018130009
9.483616829,-0.173079059,2.206928015,-2.005630732,0.034095552,0.806790821,0.589573887,0.018130009
9.500609636,-0.19004114,2.204475403,-2.011509418,0.032689171,0.823424299,0.56603412,0.022565841
9.517225742,-0.19004114,2.204475403,-2.011509418,0.032689171,0.823424299,0.56603412,0.022565841
9.533563375,-0.208031356,2.202333212,-2.018365145,0.032283406,0.839801085,0.54147546,0.022276566
9.550313711,-0.208031356,2.202333212,-2.018365145,0.032283406,0.839801085,0.54147546,0.022276566
9.567134142,-0.22575222,2.201672554,-2.023751974,0.032484202,0.855367843,0.516633975,0.019492706
9.583758831,-0.22575222,2.201672554,-2.023751974,0.032484202,0.855367843,0.516633975,0.019492706
9.600230932,-0.243851706,2.201717377,-2.029956579,0.033183249,0.870336455,0.491064362,0.016404875
9.616938114,-0.243851706,2.201717377,-2.029956579,0.033183249,0.870336455,0.491064362,0.016404875
9.633523464,-0.261152089,2.202111006,-2.033908367,0.032768591,0.884967693,0.464328143,0.012560969
9.650279045,-0.261152089,2.202111006,-2.033908367,0.032768591,0.884967693,0.464328143,0.012560969
9.666887283,-0.278637201,2.203026056,-2.037439108,0.03436036,0.898535048,0.437423368,0.010720525
9.683561563,-0.278637201,2.203026056,-2.037439108,0.03436036,0.898535048,0.437423368,0.010720525
9.700131893,-0.296393424,2.203714609,-2.041452169,0.036742494,0.910988495,0.41067236,0.009907736
9.71690464,-0.296393424,2.203714609,-2.041452169,0.036742494,0.910988495,0.41067236,0.009907736
9.733784437,-0.313269734,2.205894709,-2.044326544,0.039279902,0.922881974,0.382959302,0.009387477
9.750444412,-0.313269734,2.205894709,-2.044326544,0.039279902,0.922881974,0.382959302,0.009387477
9.767081499,-0.330243707,2.207480907,-2.046272755,0.042524711,0.933585547,0.355699963,0.009338715
9.783601522,-0.330243707,2.207480907,-2.046272755,0.042524711,0.933585547,0.355699963,0.009338715
9.800307989,-0.346049041,2.210545301,-2.049081326,0.045270769,0.943601945,0.327834218,0.009521164
9.816866159,-0.346049041,2.210545301,-2.049081326,0.045270769,0.943601945,0.327834218,0.009521164
9.833566427,-0.360734552,2.213980675,-2.052162409,0.048228561,0.952295435,0.30119331,0.009486872
9.850158453,-0.360734552,2.213980675,-2.052162409,0.048228561,0.952295435,0.30119331,0.009486872
9.8669765,-0.374404639,2.217285395,-2.055614471,0.050598118,0.959339533,0.277577873,0.007616832
9.883843422,-0.374404639,2.217285395,-2.055614471,0.050598118,0.959339533,0.277577873,0.007616832
9.9005301,-0.388051063,2.219568729,-2.057609558,0.050822951,0.966150404,0.252748713,0.009408147
9.916983604,-0.388051063,2.219568729,-2.057609558,0.050822951,0.966150404,0.252748713,0.009408147
9.93352747,-0.39968279,2.223251343,-2.060338259,0.052166936,0.972128957,0.228394494,0.008936236
9.950617313,-0.39968279,2.223251343,-2.060338259,0.052166936,0.972128957,0.228394494,0.008936236
9.966939449,-0.410284162,2.227073669,-2.062107563,0.055553881,0.977029504,0.205600027,0.007466169
9.98355794,-0.410284162,2.227073669,-2.062107563,0.055553881,0.977029504,0.205600027,0.007466169
10.00017643,-0.418901324,2.231382608,-2.063790083,0.058497497,0.980905717,0.185457222,0.002763213
10.01730156,-0.418901324,2.231382608,-2.063790083,0.058497497,0.980905717,0.185457222,0.002763213
10.03385568,-0.426888913,2.234503508,-2.063992739,0.058248127,0.984357457,0.166242943,-0.003291872
10.05075836,-0.426888913,2.234503508,-2.063992739,0.058248127,0.984357457,0.166242943,-0.003291872
10.06732631,-0.432657808,2.237211943,-2.065690756,0.058106853,0.987181585,0.148485564,-0.006938921
10.08385324,-0.432657808,2.237211943,-2.065690756,0.058106853,0.987181585,0.148485564,-0.006938921
10.1004107,-0.43720594,2.240499496,-2.063010454,0.063229129,0.988713539,0.135651437,-0.006804609
10.11700988,-0.43720594,2.240499496,-2.063010454,0.063229129,0.988713539,0.135651437,-0.006804609
10.13363171,-0.440787524,2.242458105,-2.060529709,0.062506943,0.989956418,0.126671588,-0.005786317
10.15043902,-0.440787524,2.242458105,-2.060529709,0.062506943,0.989956418,0.126671588,-0.005786317
10.1671102,-0.4421978,2.243139505,-2.05973196,0.062930206,0.991030689,0.117747277,-0.005791424
10.18375254,-0.4421978,2.243139505,-2.05973196,0.062930206,0.991030689,0.117747277,-0.005791424
10.20035386,-0.448428184,2.246023178,-2.062146664,0.063226854,0.991809521,0.110822219,-0.005888502
10.21716213,-0.448428184,2.246023178,-2.062146664,0.063226854,0.991809521,0.110822219,-0.005888502
10.23366594,-0.44889757,2.246223927,-2.060717106,0.064282798,0.992230894,0.106251567,-0.007495248
10.25035572,-0.44889757,2.246223927,-2.060717106,0.064282798,0.992230894,0.106251567,-0.007495248
10.26705027,-0.447871596,2.245383739,-2.062865257,0.06542841,0.992573539,0.102102577,-0.009589407
10.28370309,-0.447871596,2.245383739,-2.062865257,0.06542841,0.992573539,0.102102577,-0.009589407
10.30034637,-0.448946029,2.245422125,-2.065349102,0.065143191,0.99274808,0.100392322,-0.011357649
10.31713295,-0.448946029,2.245422125,-2.065349102,0.065143191,0.99274808,0.100392322,-0.011357649
10.33373713,-0.448068947,2.245574236,-2.065942526,0.064952069,0.992937484,0.098191507,-0.014656403
10.35042048,-0.448068947,2.245574236,-2.065942526,0.064952069,0.992937484,0.098191507,-0.014656403
10.36700797,-0.447489202,2.245466709,-2.066003799,0.064434597,0.993109433,0.096579786,-0.015943089
10.3837738,-0.447489202,2.245466709,-2.066003799,0.064434597,0.993109433,0.096579786,-0.015943089
10.40029812,-0.447073638,2.245613575,-2.066333294,0.065671415,0.993068956,0.096442314,-0.014148995
10.41694283,-0.447073638,2.245613575,-2.066333294,0.065671415,0.993068956,0.096442314,-0.014148995
10.43357038,-0.446757913,2.245891094,-2.066645622,0.067701493,0.992929042,0.096591259,-0.013362375
10.45027494,-0.446757913,2.245891094,-2.066645622,0.067701493,0.992929042,0.096591259,-0.013362375
10.46692729,-0.44634825,2.245826483,-2.066477299,0.067739743,0.992914313,0.096656708,-0.013783174
10.48360777,-0.44634825,2.245826483,-2.066477299,0.067739743,0.992914313,0.096656708,-0.013783174
10.50027609,-0.446048379,2.245550632,-2.066300869,0.068512299,0.99294657,0.09573606,-0.014063458
10.51695395,-0.446048379,2.245550632,-2.066300869,0.068512299,0.99294657,0.09573606,-0.014063458
10.53363204,-0.446668178,2.24578023,-2.065885782,0.069328753,0.993047726,0.094125053,-0.013791718
10.55027294,-0.446668178,2.24578023,-2.065885782,0.069328753,0.993047726,0.094125053,-0.013791718
10.56715393,-0.446955621,2.245879889,-2.066059351,0.069708996,0.993102328,0.093270826,-0.013746821
10.58370924,-0.446955621,2.245879889,-2.066059351,0.069708996,0.993102328,0.093270826,-0.013746821
10.60037112,-0.447208017,2.246104717,-2.065969706,0.07007756,0.993138301,0.092915087,-0.011499438
10.61706376,-0.447208017,2.246104717,-2.065969706,0.07007756,0.993138301,0.092915087,-0.011499438
10.6336782,-0.447730392,2.245943546,-2.065929651,0.070780107,0.993261736,0.091312018,-0.009133176
10.65039349,-0.447730392,2.245943546,-2.065929651,0.070780107,0.993261736,0.091312018,-0.009133176
10.66709185,-0.447989017,2.245803595,-2.066031694,0.071549365,0.993252738,0.090819504,-0.009028035
10.68373251,-0.447989017,2.245803595,-2.066031694,0.071549365,0.993252738,0.090819504,-0.009028035
10.70030951,-0.447792202,2.245090723,-2.06609869,0.070825217,0.993334051,0.090473182,-0.009265789
10.71697831,-0.447792202,2.245090723,-2.06609869,0.070825217,0.993334051,0.090473182,-0.009265789
10.7336781,-0.447815329,2.243386984,-2.06603694,0.069421191,0.993510398,0.089567142,-0.009773151
10.75035644,-0.447815329,2.243386984,-2.06603694,0.069421191,0.993510398,0.089567142,-0.009773151
10.76700425,-0.447760761,2.240020275,-2.066251516,0.068361684,0.993612169,0.089168148,-0.010515714
10.78399515,-0.447760761,2.240020275,-2.066251516,0.068361684,0.993612169,0.089168148,-0.010515714
10.80056858,-0.448023528,2.235173225,-2.066324234,0.068161027,0.993578327,0.089628454,-0.011087089
10.81688499,-0.448023528,2.235173225,-2.066324234,0.068161027,0.993578327,0.089628454,-0.011087089
10.83343768,-0.447791606,2.228470564,-2.06683588,0.067897195,0.993415421,0.0914348,-0.012467905
10.85011196,-0.447791606,2.228470564,-2.06683588,0.067897195,0.993415421,0.0914348,-0.012467905
10.86675811,-0.447830349,2.21954751,-2.067222834,0.06738399,0.993149989,0.094388193,-0.014260626
10.88345981,-0.447830349,2.21954751,-2.067222834,0.06738399,0.993149989,0.094388193,-0.014260626
10.90012646,-0.448673993,2.208115816,-2.067441463,0.066195791,0.993008277,0.096982889,-0.012124255
10.91720319,-0.448673993,2.208115816,-2.067441463,0.066195791,0.993008277,0.096982889,-0.012124255
10.93388653,-0.450225949,2.193952322,-2.065736055,0.064632697,0.993080252,0.097822547,-0.006706492
10.95079088,-0.450225949,2.193952322,-2.065736055,0.064632697,0.993080252,0.097822547,-0.006706492
10.96718192,-0.451315969,2.179657698,-2.064896584,0.062476947,0.993168401,0.098218382,-0.008143009
10.98428369,-0.451315969,2.179657698,-2.064896584,0.062476947,0.993168401,0.098218382,-0.008143009
11.00035954,-0.452400297,2.164354563,-2.064136982,0.06072522,0.993482572,0.096033114,-0.009081161
11.01697183,-0.452400297,2.164354563,-2.064136982,0.06072522,0.993482572,0.096033114,-0.009081161
11.03360081,-0.453993052,2.148519278,-2.062870264,0.060308461,0.994129747,0.089651819,-0.005611412
11.05037308,-0.453993052,2.148519278,-2.062870264,0.060308461,0.994129747,0.089651819,-0.005611412
11.06697297,-0.45460397,2.131585598,-2.063221931,0.058528483,0.99441723,0.087491468,-0.007350697
11.08371282,-0.45460397,2.131585598,-2.063221931,0.058528483,0.99441723,0.087491468,-0.007350697
11.10026097,-0.456373781,2.114788055,-2.063020468,0.054570121,0.994695833,0.086970576,-0.006198397
11.11691093,-0.456373781,2.114788055,-2.063020468,0.054570121,0.994695833,0.086970576,-0.006198397
11.13357663,-0.457078755,2.098317146,-2.062999249,0.051108845,0.995056423,0.084757596,-0.008170115
11.15028954,-0.457078755,2.098317146,-2.062999249,0.051108845,0.995056423,0.084757596,-0.008170115
11.16692686,-0.458741397,2.082701445,-2.063291311,0.048877568,0.995402513,0.081526212,-0.011759969
11.18360043,-0.458741397,2.082701445,-2.063291311,0.048877568,0.995402513,0.081526212,-0.011759969
11.20021057,-0.460541248,2.067626715,-2.065282583,0.048528171,0.99563825,0.079322501,-0.007578482
11.21696162,-0.460541248,2.067626715,-2.065282583,0.048528171,0.99563825,0.079322501,-0.007578482
11.23366952,-0.461924076,2.054191589,-2.06601429,0.049376033,0.995916021,0.075220626,-0.007425836
11.25032306,-0.461924076,2.054191589,-2.06601429,0.049376033,0.995916021,0.075220626,-0.007425836
11.26696253,-0.462871611,2.041130304,-2.065278053,0.048820106,0.996387354,0.068764008,-0.010017465
11.28367424,-0.462871611,2.041130304,-2.065278053,0.048820106,0.996387354,0.068764008,-0.010017465
11.30026937,-0.464092851,2.02928853,-2.064892054,0.045280043,0.996727837,0.065545898,-0.013677427
11.31702828,-0.464092851,2.02928853,-2.064892054,0.045280043,0.996727837,0.065545898,-0.013677427
11.33373952,-0.465976685,2.019561052,-2.06538105,0.041262333,0.997245088,0.061054721,-0.008483813
11.35048151,-0.465976685,2.019561052,-2.06538105,0.041262333,0.997245088,0.061054721,-0.008483813
11.36738133,-0.466597319,2.011790991,-2.065859795,0.038791863,0.997516802,0.05775906,-0.010923017
11.3838222,-0.466597319,2.011790991,-2.065859795,0.038791863,0.997516802,0.05775906,-0.010923017
11.40046144,-0.467202187,2.005487204,-2.065765381,0.03386095,0.997729427,0.056540237,-0.013879022
11.41705704,-0.467202187,2.005487204,-2.065765381,0.03386095,0.997729427,0.056540237,-0.013879022
11.43368006,-0.4693802,2.002463579,-2.063822269,0.033810337,0.997740044,0.056731889,-0.012375757
11.45030475,-0.4693802,2.002463579,-2.063822269,0.033810337,0.997740044,0.056731889,-0.012375757
11.46701384,-0.469420552,2.000617266,-2.062374115,0.033860369,0.997745244,0.056617781,-0.012342248
11.48361349,-0.469420552,2.000617266,-2.062374115,0.033860369,0.997745244,0.056617781,-0.012342248
11.50024199,-0.468901187,1.997545838,-2.061460972,0.032972133,0.997734341,0.057422839,-0.011901263
11.51693082,-0.468901187,1.997545838,-2.061460972,0.032972133,0.997734341,0.057422839,-0.011901263
11.53359413,-0.468436688,1.997032285,-2.060094357,0.032959224,0.997723619,0.057626657,-0.011850658
11.55025005,-0.468436688,1.997032285,-2.060094357,0.032959224,0.997723619,0.057626657,-0.011850658
11.56692767,-0.467823923,1.996859074,-2.058756351,0.032982744,0.99782668,0.055771723,-0.011982044
11.58362508,-0.467823923,1.996859074,-2.058756351,0.032982744,0.99782668,0.055771723,-0.011982044
11.60026693,-0.469987094,1.996685386,-2.058605433,0.032778251,0.997902407,0.054703195,-0.011132508
11.61700296,-0.469987094,1.996685386,-2.058605433,0.032778251,0.997902407,0.054703195,-0.011132508
11.63372374,-0.470258534,1.996568203,-2.057439089,0.032781734,0.997908851,0.054646494,-0.010818627
11.6503427,-0.470258534,1.996568203,-2.057439089,0.032781734,0.997908851,0.054646494,-0.010818627
11.66704321,-0.4682208,1.990295172,-2.060936451,0.030724532,0.998009513,0.053824891,-0.011657445
11.68383121,-0.4682208,1.990295172,-2.060936451,0.030724532,0.998009513,0.053824891,-0.011657445
11.70023489,-0.468229175,1.993734241,-2.063918591,0.032609261,0.998007218,0.052660728,-0.01204474
11.71707463,-0.468229175,1.993734241,-2.063918591,0.032609261,0.998007218,0.052660728,-0.01204474
11.73364568,-0.468112558,1.993342638,-2.064129114,0.032589227,0.998096863,0.050982141,-0.011891866
11.75053811,-0.468112558,1.993342638,-2.064129114,0.032589227,0.998096863,0.050982141,-0.011891866
11.76697278,-0.467843562,1.993793249,-2.063811302,0.032836255,0.998134939,0.050041533,-0.012011165
11.78367615,-0.467843562,1.993793249,-2.063811302,0.032836255,0.998134939,0.050041533,-0.012011165
